true_class,predicted_class,confidence,file_path
Gir,Red_Sindhi,0.37042275,test\Gir\Gir_1.JPG
Gir,Sahiwal,0.2856516,test\Gir\Gir_100.jpeg
Gir,Sahiwal,0.65450776,test\Gir\Gir_101.jpg
Gir,Murrah,0.347386,test\Gir\Gir_102.jpg
Gir,Sahiwal,0.36478332,test\Gir\Gir_105.jpg
Gir,Red_Sindhi,0.45539588,test\Gir\Gir_108.jpg
Gir,Red_Sindhi,0.4351213,test\Gir\Gir_109.jpg
Gir,Red_Sindhi,0.41780365,test\Gir\Gir_110.jpg
Gir,Red_Sindhi,0.54953283,test\Gir\Gir_113.jpg
Gir,Sahiwal,0.5129379,test\Gir\Gir_114.jpg
Gir,Red_Sindhi,0.500679,test\Gir\Gir_115.jpg
Gir,Sahiwal,0.39777866,test\Gir\Gir_118.jpg
Gir,Sahiwal,0.4329073,test\Gir\Gir_119.jpg
Gir,Red_Sindhi,0.45539588,test\Gir\Gir_120.jpg
Gir,Red_Sindhi,0.374852,test\Gir\Gir_122.jpg
Gir,Red_Sindhi,0.62981755,test\Gir\Gir_123.png
Gir,Red_Sindhi,0.36242673,test\Gir\Gir_124.jpg
Gir,Mehsana,0.46450958,test\Gir\Gir_125.jpg
Gir,Sahiwal,0.45637733,test\Gir\Gir_126.jpg
Gir,Red_Sindhi,0.41884387,test\Gir\Gir_13.jPG
Gir,Sahiwal,0.44794285,test\Gir\Gir_131.jpg
Gir,Red_Sindhi,0.23880032,test\Gir\Gir_132.jpg
Gir,Sahiwal,0.38870192,test\Gir\Gir_133.jpg
Gir,Red_Sindhi,0.42123455,test\Gir\Gir_137.jpg
Gir,Red_Sindhi,0.41780365,test\Gir\Gir_138.jpg
Gir,Red_Sindhi,0.4666046,test\Gir\Gir_139.jpg
Gir,Sahiwal,0.3644519,test\Gir\Gir_14.jPG
Gir,Sahiwal,0.53153455,test\Gir\Gir_142.jpg
Gir,Red_Sindhi,0.59737855,test\Gir\Gir_143.jpg
Gir,Sahiwal,0.3930181,test\Gir\Gir_144.jpg
Gir,Sahiwal,0.44257736,test\Gir\Gir_147.jpg
Gir,Mehsana,0.60343534,test\Gir\Gir_148.jpg
Gir,Red_Sindhi,0.34637466,test\Gir\Gir_149.jpg
Gir,Sahiwal,0.5154229,test\Gir\Gir_15.png
Gir,Jaffrabadi,0.53282917,test\Gir\Gir_152.jpg
Gir,Red_Sindhi,0.41836083,test\Gir\Gir_154.jpg
Gir,Sahiwal,0.42013422,test\Gir\Gir_157.jpg
Gir,Sahiwal,0.4556904,test\Gir\Gir_16.png
Gir,Red_Sindhi,0.59737855,test\Gir\Gir_160.jpg
Gir,Red_Sindhi,0.42123455,test\Gir\Gir_161.jpg
Gir,Sahiwal,0.6199854,test\Gir\Gir_163.png
Gir,Sahiwal,0.42013422,test\Gir\Gir_164.jpg
Gir,Sahiwal,0.4049873,test\Gir\Gir_17.png
Gir,Red_Sindhi,0.42914364,test\Gir\Gir_171.jpg
Gir,Sahiwal,0.41878185,test\Gir\Gir_174.png
Gir,Red_Sindhi,0.50961155,test\Gir\Gir_178.jpg
Gir,Sahiwal,0.44257736,test\Gir\Gir_182.jpg
Gir,Red_Sindhi,0.35034883,test\Gir\Gir_183.jpg
Gir,Sahiwal,0.3955427,test\Gir\Gir_185.png
Gir,Red_Sindhi,0.37370065,test\Gir\Gir_187.jpg
Gir,Sahiwal,0.40191048,test\Gir\Gir_188.jpg
Gir,Sahiwal,0.4961383,test\Gir\Gir_197.jpg
Gir,Sahiwal,0.46479103,test\Gir\Gir_198.jpg
Gir,Sahiwal,0.40554407,test\Gir\Gir_2.JPG
Gir,Sahiwal,0.36733755,test\Gir\Gir_20.png
Gir,Red_Sindhi,0.348366,test\Gir\Gir_200.jpg
Gir,Mehsana,0.743706,test\Gir\Gir_201.jpg
Gir,Red_Sindhi,0.405481,test\Gir\Gir_203.jpg
Gir,Red_Sindhi,0.35225505,test\Gir\Gir_206.jpg
Gir,Red_Sindhi,0.41104516,test\Gir\Gir_207.png
Gir,Sahiwal,0.38870192,test\Gir\Gir_210.jpg
Gir,Red_Sindhi,0.47797275,test\Gir\Gir_211.jpg
Gir,Red_Sindhi,0.72115064,test\Gir\Gir_218.jpg
Gir,Red_Sindhi,0.57601327,test\Gir\Gir_228.jpg
Gir,Red_Sindhi,0.57613873,test\Gir\Gir_230.jpg
Gir,Sahiwal,0.3638927,test\Gir\Gir_231.jpg
Gir,Red_Sindhi,0.4073098,test\Gir\Gir_236.png
Gir,Murrah,0.3636665,test\Gir\Gir_237.jpg
Gir,Red_Sindhi,0.38432807,test\Gir\Gir_238.jpg
Gir,Sahiwal,0.54134136,test\Gir\Gir_240.jpg
Gir,Red_Sindhi,0.3308418,test\Gir\Gir_241.jpg
Gir,Sahiwal,0.34409952,test\Gir\Gir_244.jpg
Gir,Sahiwal,0.46105894,test\Gir\Gir_246.jpg
Gir,Sahiwal,0.3941906,test\Gir\Gir_247.jpg
Gir,Red_Sindhi,0.34637466,test\Gir\Gir_25.jpg
Gir,Red_Sindhi,0.47607288,test\Gir\Gir_251.jpg
Gir,Sahiwal,0.38656774,test\Gir\Gir_255.jpg
Gir,Red_Sindhi,0.4005614,test\Gir\Gir_257.jpg
Gir,Red_Sindhi,0.47728634,test\Gir\Gir_26.jpg
Gir,Sahiwal,0.52547723,test\Gir\Gir_260.jpg
Gir,Sahiwal,0.39685637,test\Gir\Gir_268.jpg
Gir,Mehsana,0.35309613,test\Gir\Gir_27.png
Gir,Sahiwal,0.4797966,test\Gir\Gir_270.jpg
Gir,Sahiwal,0.4035174,test\Gir\Gir_274.jpg
Gir,Red_Sindhi,0.64707816,test\Gir\Gir_28.jpg
Gir,Sahiwal,0.4332205,test\Gir\Gir_282.jpeg
Gir,Red_Sindhi,0.41088,test\Gir\Gir_283.png
Gir,Red_Sindhi,0.616653,test\Gir\Gir_29.jpg
Gir,Red_Sindhi,0.45425367,test\Gir\Gir_291.jpg
Gir,Red_Sindhi,0.46878675,test\Gir\Gir_292.jpg
Gir,Red_Sindhi,0.361369,test\Gir\Gir_293.jpg
Gir,Red_Sindhi,0.47909638,test\Gir\Gir_296.jpg
Gir,Red_Sindhi,0.52488333,test\Gir\Gir_299.jpg
Gir,Red_Sindhi,0.43136153,test\Gir\Gir_30.jpg
Gir,Red_Sindhi,0.47147757,test\Gir\Gir_301.jpg
Gir,Sahiwal,0.39239633,test\Gir\Gir_303.jpg
Gir,Red_Sindhi,0.27903265,test\Gir\Gir_304.jpg
Gir,Red_Sindhi,0.42914364,test\Gir\Gir_305.jpg
Gir,Red_Sindhi,0.5126337,test\Gir\Gir_306.jpg
Gir,Sahiwal,0.5193033,test\Gir\Gir_307.jpg
Gir,Red_Sindhi,0.46449137,test\Gir\Gir_309.jpg
Gir,Sahiwal,0.5750528,test\Gir\Gir_312.png
Gir,Red_Sindhi,0.519014,test\Gir\Gir_314.png
Gir,Mehsana,0.46282822,test\Gir\Gir_316.png
Gir,Sahiwal,0.5390691,test\Gir\Gir_317.png
Gir,Red_Sindhi,0.4209081,test\Gir\Gir_319.jpg
Gir,Red_Sindhi,0.41883832,test\Gir\Gir_32.jpg
Gir,Red_Sindhi,0.47874787,test\Gir\Gir_321.png
Gir,Red_Sindhi,0.4005637,test\Gir\Gir_322.png
Gir,Sahiwal,0.52367336,test\Gir\Gir_323.jpg
Gir,Mehsana,0.24557304,test\Gir\Gir_326.png
Gir,Sahiwal,0.5943863,test\Gir\Gir_327.png
Gir,Red_Sindhi,0.56851274,test\Gir\Gir_328.png
Gir,Red_Sindhi,0.47109264,test\Gir\Gir_329.jpg
Gir,Sahiwal,0.38319775,test\Gir\Gir_330.png
Gir,Sahiwal,0.39685386,test\Gir\Gir_333.jpg
Gir,Sahiwal,0.45677382,test\Gir\Gir_334.png
Gir,Sahiwal,0.506424,test\Gir\Gir_336.png
Gir,Sahiwal,0.45263898,test\Gir\Gir_337.png
Gir,Sahiwal,0.48269603,test\Gir\Gir_338.jpeg
Gir,Sahiwal,0.38939193,test\Gir\Gir_339.png
Gir,Sahiwal,0.6570616,test\Gir\Gir_343.png
Gir,Sahiwal,0.48147556,test\Gir\Gir_344.png
Gir,Sahiwal,0.37931222,test\Gir\Gir_345.png
Gir,Sahiwal,0.41664955,test\Gir\Gir_346.png
Gir,Sahiwal,0.38190523,test\Gir\Gir_347.jpg
Gir,Red_Sindhi,0.36532232,test\Gir\Gir_348.png
Gir,Sahiwal,0.39375335,test\Gir\Gir_351.png
Gir,Sahiwal,0.39415643,test\Gir\Gir_352.jpg
Gir,Sahiwal,0.4922068,test\Gir\Gir_353.png
Gir,Sahiwal,0.3384836,test\Gir\Gir_354.png
Gir,Red_Sindhi,0.8285558,test\Gir\Gir_355.png
Gir,Sahiwal,0.5235956,test\Gir\Gir_358.jpg
Gir,Sahiwal,0.4357627,test\Gir\Gir_359.png
Gir,Sahiwal,0.44840106,test\Gir\Gir_360.png
Gir,Sahiwal,0.41491267,test\Gir\Gir_362.png
Gir,Sahiwal,0.420558,test\Gir\Gir_363.png
Gir,Sahiwal,0.54718065,test\Gir\Gir_367.png
Gir,Red_Sindhi,0.41724616,test\Gir\Gir_37.jpg
Gir,Sahiwal,0.42535648,test\Gir\Gir_370.png
Gir,Sahiwal,0.70328665,test\Gir\Gir_373.png
Gir,Sahiwal,0.4547307,test\Gir\Gir_374.png
Gir,Sahiwal,0.42749837,test\Gir\Gir_375.png
Gir,Red_Sindhi,0.4378452,test\Gir\Gir_39.jpg
Gir,Red_Sindhi,0.55080104,test\Gir\Gir_41.jpg
Gir,Sahiwal,0.3781603,test\Gir\Gir_42.jpg
Gir,Red_Sindhi,0.47552758,test\Gir\Gir_43.png
Gir,Red_Sindhi,0.3229835,test\Gir\Gir_44.jpg
Gir,Sahiwal,0.3886677,test\Gir\Gir_45.jpg
Gir,Sahiwal,0.46873283,test\Gir\Gir_47.jpg
Gir,Red_Sindhi,0.57601327,test\Gir\Gir_50.jpg
Gir,Red_Sindhi,0.42155617,test\Gir\Gir_51.jpg
Gir,Red_Sindhi,0.4526786,test\Gir\Gir_53.jpg
Gir,Red_Sindhi,0.4473599,test\Gir\Gir_55.jpg
Gir,Red_Sindhi,0.53413683,test\Gir\Gir_56.png
Gir,Red_Sindhi,0.37042275,test\Gir\Gir_6.JPG
Gir,Red_Sindhi,0.44007963,test\Gir\Gir_60.jpg
Gir,Sahiwal,0.45486552,test\Gir\Gir_62.png
Gir,Sahiwal,0.34305704,test\Gir\Gir_63.jpg
Gir,Sahiwal,0.5028642,test\Gir\Gir_64.jpg
Gir,Red_Sindhi,0.41849253,test\Gir\Gir_66.jpg
Gir,Red_Sindhi,0.60923207,test\Gir\Gir_68.jpg
Gir,Red_Sindhi,0.50921035,test\Gir\Gir_69.jpg
Gir,Sahiwal,0.4822624,test\Gir\Gir_71.jpg
Gir,Sahiwal,0.57155603,test\Gir\Gir_72.jpg
Gir,Sahiwal,0.4007256,test\Gir\Gir_73.jpg
Gir,Sahiwal,0.51959383,test\Gir\Gir_74.jpg
Gir,Sahiwal,0.44163883,test\Gir\Gir_75.png
Gir,Sahiwal,0.34409952,test\Gir\Gir_77.jpg
Gir,Red_Sindhi,0.42629373,test\Gir\Gir_84.jpg
Gir,Sahiwal,0.34305704,test\Gir\Gir_85.jpg
Gir,Sahiwal,0.52452886,test\Gir\Gir_86.jpg
Gir,Sahiwal,0.41777447,test\Gir\Gir_87.jpg
Gir,Sahiwal,0.5643196,test\Gir\Gir_88.jpg
Gir,Red_Sindhi,0.37918013,test\Gir\Gir_90.jpg
Gir,Sahiwal,0.38201982,test\Gir\Gir_91.jpg
Gir,Sahiwal,0.55223763,test\Gir\Gir_92.png
Gir,Red_Sindhi,0.4666046,test\Gir\Gir_93.jpg
Gir,Red_Sindhi,0.4641936,test\Gir\Gir_94.jpg
Gir,Red_Sindhi,0.47511625,test\Gir\Gir_95.jpg
Gir,Red_Sindhi,0.47410065,test\Gir\Gir_98.jpg
Jaffrabadi,Mehsana,0.6362758,test\Jaffrabadi\396_W350Q60I2SASRFHFVRLRRCLCTCRCB.jpg
Jaffrabadi,Mehsana,0.39552304,test\Jaffrabadi\406_W350Q60I2SASRFHFVRLRRCLCTCRCB.jpg
Jaffrabadi,Mehsana,0.36305344,test\Jaffrabadi\465157ff96a5aee6de461679a9c880d5.jpg
Jaffrabadi,Mehsana,0.5766748,test\Jaffrabadi\5fd11f02690f7 (1).png
Jaffrabadi,Mehsana,0.5766748,test\Jaffrabadi\5fd11f02690f7.png
Jaffrabadi,Mehsana,0.37565097,test\Jaffrabadi\852058-buffalo-bovine-cattle-water-buffalo-hybrid-jaffarabadi.jpg
Jaffrabadi,Mehsana,0.51637346,test\Jaffrabadi\920580f922682a2217d629c5c396f042.jpg
Jaffrabadi,Mehsana,0.4563715,test\Jaffrabadi\Design-sem-nome-2023-06-28T170441.470 (1).png
Jaffrabadi,Mehsana,0.4563715,test\Jaffrabadi\Design-sem-nome-2023-06-28T170441.470.png
Jaffrabadi,Mehsana,0.51194966,"test\Jaffrabadi\Jafarabadi Buffalo Origin, Characteristics, Milk per day, Price.png"
Jaffrabadi,Mehsana,0.88240594,test\Jaffrabadi\Jaffrabadi_1.png
Jaffrabadi,Mehsana,0.42048353,test\Jaffrabadi\Jaffrabadi_10.png
Jaffrabadi,Mehsana,0.7450234,test\Jaffrabadi\Jaffrabadi_102.png
Jaffrabadi,Mehsana,0.54365975,test\Jaffrabadi\Jaffrabadi_103.jpg
Jaffrabadi,Mehsana,0.41328615,test\Jaffrabadi\Jaffrabadi_18.png
Jaffrabadi,Mehsana,0.6573443,test\Jaffrabadi\Jaffrabadi_2.png
Jaffrabadi,Mehsana,0.53396124,test\Jaffrabadi\Jaffrabadi_22.jpg
Jaffrabadi,Mehsana,0.44056538,test\Jaffrabadi\Jaffrabadi_23.png
Jaffrabadi,Mehsana,0.55539644,test\Jaffrabadi\Jaffrabadi_26.jpg
Jaffrabadi,Mehsana,0.29108325,test\Jaffrabadi\Jaffrabadi_27.png
Jaffrabadi,Mehsana,0.5790671,test\Jaffrabadi\Jaffrabadi_29.png
Jaffrabadi,Mehsana,0.47615817,test\Jaffrabadi\Jaffrabadi_30.jpg
Jaffrabadi,Murrah,0.25993884,test\Jaffrabadi\Jaffrabadi_31.png
Jaffrabadi,Mehsana,0.5087052,test\Jaffrabadi\Jaffrabadi_33.png
Jaffrabadi,Mehsana,0.5813184,test\Jaffrabadi\Jaffrabadi_34.png
Jaffrabadi,Mehsana,0.34684998,test\Jaffrabadi\Jaffrabadi_35.jpg
Jaffrabadi,Mehsana,0.57826525,test\Jaffrabadi\Jaffrabadi_36.png
Jaffrabadi,Mehsana,0.490127,test\Jaffrabadi\Jaffrabadi_37.png
Jaffrabadi,Mehsana,0.6609837,test\Jaffrabadi\Jaffrabadi_38.png
Jaffrabadi,Mehsana,0.5335676,test\Jaffrabadi\Jaffrabadi_39.png
Jaffrabadi,Mehsana,0.6703135,test\Jaffrabadi\Jaffrabadi_41.png
Jaffrabadi,Mehsana,0.5912387,test\Jaffrabadi\Jaffrabadi_42.png
Jaffrabadi,Mehsana,0.514902,test\Jaffrabadi\Jaffrabadi_44.jpg
Jaffrabadi,Mehsana,0.5664862,test\Jaffrabadi\Jaffrabadi_45.jpg
Jaffrabadi,Mehsana,0.48490617,test\Jaffrabadi\Jaffrabadi_49.jpg
Jaffrabadi,Mehsana,0.49675357,test\Jaffrabadi\Jaffrabadi_51.jpg
Jaffrabadi,Mehsana,0.54365975,test\Jaffrabadi\Jaffrabadi_52.jpg
Jaffrabadi,Murrah,0.38764328,test\Jaffrabadi\Jaffrabadi_55.jpg
Jaffrabadi,Murrah,0.5464057,test\Jaffrabadi\Jaffrabadi_59.jpg
Jaffrabadi,Mehsana,0.43279842,test\Jaffrabadi\Jaffrabadi_6.jpg
Jaffrabadi,Sahiwal,0.24493465,test\Jaffrabadi\Jaffrabadi_60.jpg
Jaffrabadi,Mehsana,0.4354457,test\Jaffrabadi\Jaffrabadi_61.jpeg
Jaffrabadi,Mehsana,0.8165235,test\Jaffrabadi\Jaffrabadi_62.png
Jaffrabadi,Mehsana,0.64801407,test\Jaffrabadi\Jaffrabadi_65.jpg
Jaffrabadi,Mehsana,0.49193913,test\Jaffrabadi\Jaffrabadi_68.jpg
Jaffrabadi,Murrah,0.3749446,test\Jaffrabadi\Jaffrabadi_69.jpg
Jaffrabadi,Mehsana,0.649947,test\Jaffrabadi\Jaffrabadi_70.png
Jaffrabadi,Mehsana,0.4436091,test\Jaffrabadi\Jaffrabadi_71.png
Jaffrabadi,Mehsana,0.36997983,test\Jaffrabadi\Jaffrabadi_72.jpg
Jaffrabadi,Mehsana,0.44114274,test\Jaffrabadi\Jaffrabadi_73.png
Jaffrabadi,Mehsana,0.41421732,test\Jaffrabadi\Jaffrabadi_74.jpg
Jaffrabadi,Mehsana,0.53154063,test\Jaffrabadi\Jaffrabadi_76.jpg
Jaffrabadi,Mehsana,0.7607603,test\Jaffrabadi\Jaffrabadi_77.png
Jaffrabadi,Mehsana,0.40380442,test\Jaffrabadi\Jaffrabadi_78.png
Jaffrabadi,Mehsana,0.72274935,test\Jaffrabadi\Jaffrabadi_82.jpg
Jaffrabadi,Mehsana,0.42342234,test\Jaffrabadi\Jaffrabadi_83.jpg
Jaffrabadi,Murrah,0.40510225,test\Jaffrabadi\Jaffrabadi_84.png
Jaffrabadi,Murrah,0.45739502,test\Jaffrabadi\Jaffrabadi_86.jpg
Jaffrabadi,Mehsana,0.41863328,test\Jaffrabadi\Jaffrabadi_87.jpg
Jaffrabadi,Mehsana,0.5326252,test\Jaffrabadi\Jaffrabadi_89.png
Jaffrabadi,Mehsana,0.44753993,test\Jaffrabadi\Jaffrabadi_9.jpg
Jaffrabadi,Mehsana,0.42330897,test\Jaffrabadi\Jaffrabadi_94.jpg
Jaffrabadi,Mehsana,0.51637346,test\Jaffrabadi\Jaffrabadi_95.jpg
Jaffrabadi,Mehsana,0.6362758,test\Jaffrabadi\Jaffrabadi_96.jpg
Jaffrabadi,Mehsana,0.59061056,test\Jaffrabadi\Jaffrabadi_97.png
Jaffrabadi,Mehsana,0.661621,test\Jaffrabadi\Jaffrabadi_99.jpg
Jaffrabadi,Mehsana,0.6038049,test\Jaffrabadi\R (1).jpg
Jaffrabadi,Mehsana,0.5076171,test\Jaffrabadi\R (2).jpg
Jaffrabadi,Mehsana,0.49061203,test\Jaffrabadi\R (4).jpg
Jaffrabadi,Gir,0.38149917,test\Jaffrabadi\R (5).jpg
Jaffrabadi,Murrah,0.56782085,test\Jaffrabadi\R.jpg
Jaffrabadi,Murrah,0.51312053,test\Jaffrabadi\Top-10-Native-Indian-Buffalo-Breeds-Jaffarabadi.jpg
Jaffrabadi,Mehsana,0.4378647,test\Jaffrabadi\a2e1c719-117c-44b3-a1e4-c9fb2ca886f8-f.jpg
Jaffrabadi,Mehsana,0.56267536,test\Jaffrabadi\a64a8dc911cd314b66fc74e109ca03d3.jpg
Jaffrabadi,Murrah,0.4561133,test\Jaffrabadi\a7a98626c83d5401d15d0df0df6c7a61.jpg
Jaffrabadi,Red_Sindhi,0.4995205,test\Jaffrabadi\bbreed_murrah1 (1).png
Jaffrabadi,Red_Sindhi,0.4995205,test\Jaffrabadi\bbreed_murrah1.png
Jaffrabadi,Mehsana,0.57564896,test\Jaffrabadi\buffalo-2830324_1280.jpg
Jaffrabadi,Mehsana,0.6547749,test\Jaffrabadi\buffalo-2830326_1280.jpg
Jaffrabadi,Mehsana,0.36317748,test\Jaffrabadi\buffalo-2832354_1280.jpg
Jaffrabadi,Mehsana,0.3788384,test\Jaffrabadi\buffalo-bovine-cattle-water-buffalo-hybrid-jaffarabadi-breed-bhavanagri-gir.jpg
Jaffrabadi,Mehsana,0.8867444,test\Jaffrabadi\buffalo-bovine-cattle-water-buffalo-swamp-marsh-wetland-watering-hybrid-thumbnail.jpg
Jaffrabadi,Mehsana,0.61223215,test\Jaffrabadi\buffalo-bovine-cattle-water-buffalo-swamp-marsh-wetland-watering-hybrid.jpg
Jaffrabadi,Mehsana,0.48500273,test\Jaffrabadi\buffalo-bull-stud-bovine-cattle-water-buffalo-swamp-marsh-wetland (1).jpg
Jaffrabadi,Mehsana,0.35738343,test\Jaffrabadi\buffalo-bull-stud-bovine-cattle-water-buffalo-swamp-marsh-wetland.jpg
Jaffrabadi,Mehsana,0.54365975,test\Jaffrabadi\buffalo-jaffarabadi.jpg
Jaffrabadi,Mehsana,0.32055095,test\Jaffrabadi\buffalo-sarangpur-swaminarayan-temple-gaushala.JPG
Jaffrabadi,Mehsana,0.42497373,test\Jaffrabadi\efd223cc-4bfd-45be-8751-a9fa24366d4a-f.jpg
Jaffrabadi,Mehsana,0.347109,test\Jaffrabadi\fa8210ab56315b787ad5b815d9351636.jpg
Jaffrabadi,Mehsana,0.46742186,test\Jaffrabadi\high-breed-jafarabadi-buffalo-196.jpg
Jaffrabadi,Mehsana,0.49576285,test\Jaffrabadi\hq2.jpg
Jaffrabadi,Mehsana,0.3564969,test\Jaffrabadi\hq720_2.jpg
Jaffrabadi,Mehsana,0.35981458,test\Jaffrabadi\hqdefault (6).jpg
Jaffrabadi,Mehsana,0.43508172,test\Jaffrabadi\hqdefault.jpg
Jaffrabadi,Mehsana,0.49954283,test\Jaffrabadi\istockphoto-1471184726-1024x1024.jpg
Jaffrabadi,Mehsana,0.4354457,test\Jaffrabadi\jafarabadi-buffalo-04-1522734725_p_1456183_719837.jpeg
Jaffrabadi,Mehsana,0.41328615,test\Jaffrabadi\jaffarabadi-buffalo-1500018124-3141631.png
Jaffrabadi,Mehsana,0.43279842,test\Jaffrabadi\jaffarabadi_buffalo.jpg
Jaffrabadi,Mehsana,0.6100313,test\Jaffrabadi\jafrabadi-buffalo-1000x1000.jpg
Jaffrabadi,Mehsana,0.45846647,test\Jaffrabadi\jafrabadi-buffalo-1545671808-4591570.jpg
Jaffrabadi,Mehsana,0.58162785,test\Jaffrabadi\maxresdefault (1).jpg
Jaffrabadi,Mehsana,0.45628047,test\Jaffrabadi\maxresdefault (10).jpg
Jaffrabadi,Murrah,0.5433059,test\Jaffrabadi\maxresdefault (12).jpg
Jaffrabadi,Mehsana,0.53544617,test\Jaffrabadi\maxresdefault (13).jpg
Jaffrabadi,Mehsana,0.41961855,test\Jaffrabadi\maxresdefault (14).jpg
Jaffrabadi,Mehsana,0.514902,test\Jaffrabadi\maxresdefault (15).jpg
Jaffrabadi,Mehsana,0.43793866,test\Jaffrabadi\maxresdefault (16).jpg
Jaffrabadi,Mehsana,0.4342325,test\Jaffrabadi\maxresdefault (17).jpg
Jaffrabadi,Mehsana,0.3797234,test\Jaffrabadi\maxresdefault (18).jpg
Jaffrabadi,Mehsana,0.42652783,test\Jaffrabadi\maxresdefault (19).jpg
Jaffrabadi,Mehsana,0.50169617,test\Jaffrabadi\maxresdefault (20).jpg
Jaffrabadi,Mehsana,0.42052165,test\Jaffrabadi\maxresdefault (21).jpg
Jaffrabadi,Mehsana,0.57865274,test\Jaffrabadi\maxresdefault (22).jpg
Jaffrabadi,Murrah,0.35679647,test\Jaffrabadi\maxresdefault (23).jpg
Jaffrabadi,Mehsana,0.5820506,test\Jaffrabadi\maxresdefault (24).jpg
Jaffrabadi,Mehsana,0.52231354,test\Jaffrabadi\maxresdefault (27).jpg
Jaffrabadi,Gir,0.27971098,test\Jaffrabadi\maxresdefault (28).jpg
Jaffrabadi,Mehsana,0.23270871,test\Jaffrabadi\maxresdefault (29).jpg
Jaffrabadi,Mehsana,0.6336398,test\Jaffrabadi\maxresdefault (30).jpg
Jaffrabadi,Sahiwal,0.27295572,test\Jaffrabadi\maxresdefault (31).jpg
Jaffrabadi,Mehsana,0.52231354,test\Jaffrabadi\maxresdefault (35).jpg
Jaffrabadi,Mehsana,0.5820506,test\Jaffrabadi\maxresdefault (36).jpg
Jaffrabadi,Gir,0.27971098,test\Jaffrabadi\maxresdefault (37).jpg
Jaffrabadi,Mehsana,0.23270871,test\Jaffrabadi\maxresdefault (38).jpg
Jaffrabadi,Mehsana,0.6336398,test\Jaffrabadi\maxresdefault (39).jpg
Jaffrabadi,Mehsana,0.44833717,test\Jaffrabadi\maxresdefault (4).jpg
Jaffrabadi,Mehsana,0.6816945,test\Jaffrabadi\maxresdefault (5).jpg
Jaffrabadi,Mehsana,0.61675334,test\Jaffrabadi\maxresdefault (8).jpg
Jaffrabadi,Mehsana,0.30942756,test\Jaffrabadi\maxresdefault (9).jpg
Jaffrabadi,Mehsana,0.36172095,test\Jaffrabadi\maxresdefault.jpg
Jaffrabadi,Mehsana,0.5443151,test\Jaffrabadi\murrah-buffalo-1568105031-1456173-1000x1000.jpeg
Jaffrabadi,Mehsana,0.41100493,test\Jaffrabadi\oar2.jpg
Jaffrabadi,Mehsana,0.5008878,test\Jaffrabadi\product-jpeg-1000x1000.jpg
Jaffrabadi,Mehsana,0.48490617,test\Jaffrabadi\product-jpeg-500x500.jpg
Mehsana,Red_Sindhi,0.35067973,test\Mehsana\1591940331760729-0.jpg
Mehsana,Sahiwal,0.33263487,test\Mehsana\5-Figure3-1 (1).png
Mehsana,Sahiwal,0.33263487,test\Mehsana\5-Figure3-1.png
Mehsana,Murrah,0.4460434,test\Mehsana\Adult-Black-Murrah-Buffalo.jpg
Mehsana,Murrah,0.49396074,test\Mehsana\Mehsana_10.jpg
Mehsana,Murrah,0.36646205,test\Mehsana\Mehsana_19.jpg
Mehsana,Murrah,0.5386921,test\Mehsana\Mehsana_59.jpg
Mehsana,Murrah,0.49211702,test\Mehsana\Mehsana_61.jpg
Mehsana,Murrah,0.49015078,test\Mehsana\Mehsana_69.jpg
Mehsana,Murrah,0.5781225,test\Mehsana\Mehsana_76.jpg
Mehsana,Murrah,0.4770507,test\Mehsana\Mehsana_82.jpg
Mehsana,Murrah,0.46916252,test\Mehsana\Mehsana_86.jpg
Mehsana,Murrah,0.4806081,test\Mehsana\Mehsana_88.jpg
Mehsana,Murrah,0.64144474,test\Mehsana\Mehsana_91.jpeg
Mehsana,Murrah,0.45225084,test\Mehsana\Mehsana_94.jpg
Mehsana,Sahiwal,0.25189552,test\Mehsana\R (6).png
Mehsana,Sahiwal,0.20517215,test\Mehsana\R.png
Mehsana,Murrah,0.46545047,test\Mehsana\black-mehsana-buffalo-1501733678-3189068 (1).jpeg
Mehsana,Murrah,0.48377037,test\Mehsana\black-mehsana-buffalo-1501733678-3189068.jpeg
Mehsana,Murrah,0.64651996,test\Mehsana\extra-04742148.jpg
Mehsana,Murrah,0.48502696,test\Mehsana\extra-04742149.jpg
Mehsana,Murrah,0.33543593,test\Mehsana\maxresdefault (6).jpg
Mehsana,Murrah,0.45852035,test\Mehsana\maxresdefault (8).jpg
Mehsana,Murrah,0.3511302,test\Mehsana\mehsana-buffalo (1).jpg
Mehsana,Murrah,0.3511302,test\Mehsana\mehsana-buffalo-1000x1000.jpg
Mehsana,Murrah,0.39765927,test\Mehsana\murrah-mhais-800x445-1.png
Mehsana,Murrah,0.5873866,test\Mehsana\oar2.jpg
Mehsana,Murrah,0.48431572,test\Mehsana\product-500x500.jpeg
Mehsana,Murrah,0.23927166,test\Mehsana\url.jpg
Murrah,Mehsana,0.57387155,test\Murrah\0.jpg
Murrah,Mehsana,0.62247837,test\Murrah\16730847356932 (1).jpg
Murrah,Mehsana,0.62247837,test\Murrah\16730847356932.jpg
Murrah,Mehsana,0.37770775,test\Murrah\2016_12$largeimg03_Saturday_2016_011624201.jpg
Murrah,Mehsana,0.36439142,test\Murrah\2e75be21062e411cbcca4efd6d3e8092.png
Murrah,Mehsana,0.6711481,test\Murrah\3128e460da310be85aba7ba6108c634d.jpg
Murrah,Mehsana,0.40538695,test\Murrah\5c83a136081ff.png
Murrah,Mehsana,0.40980634,test\Murrah\72e3b030-0524-11ee-bc13-b1d54cc43fe6.jpg
Murrah,Mehsana,0.4710164,test\Murrah\Murrah-a-popular-buffalo-breed-in-Nepal_Q640.jpg
Murrah,Mehsana,0.49756834,test\Murrah\Murrah.jpg
Murrah,Mehsana,0.66843766,test\Murrah\Murrah_1.JPG
Murrah,Mehsana,0.5557304,test\Murrah\Murrah_101.jpg
Murrah,Mehsana,0.62170553,test\Murrah\Murrah_102.jpg
Murrah,Mehsana,0.5973869,test\Murrah\Murrah_106.jpg
Murrah,Mehsana,0.87179095,test\Murrah\Murrah_108.jpg
Murrah,Mehsana,0.554791,test\Murrah\Murrah_109.jpg
Murrah,Mehsana,0.7081695,test\Murrah\Murrah_112.jpg
Murrah,Mehsana,0.478241,test\Murrah\Murrah_114.jpg
Murrah,Mehsana,0.4430971,test\Murrah\Murrah_118.jpg
Murrah,Mehsana,0.5494075,test\Murrah\Murrah_12.jpg
Murrah,Mehsana,0.5138746,test\Murrah\Murrah_120.jpg
Murrah,Mehsana,0.66693527,test\Murrah\Murrah_121.jpg
Murrah,Mehsana,0.5715878,test\Murrah\Murrah_122.jpeg
Murrah,Mehsana,0.6683523,test\Murrah\Murrah_124.jpg
Murrah,Jaffrabadi,0.33376852,test\Murrah\Murrah_125.jpg
Murrah,Mehsana,0.4580994,test\Murrah\Murrah_126.jpg
Murrah,Mehsana,0.6830217,test\Murrah\Murrah_132.png
Murrah,Mehsana,0.5979955,test\Murrah\Murrah_134.jpg
Murrah,Mehsana,0.388068,test\Murrah\Murrah_138.jpg
Murrah,Mehsana,0.53534836,test\Murrah\Murrah_14.jpeg
Murrah,Mehsana,0.55693156,test\Murrah\Murrah_140.jpg
Murrah,Mehsana,0.45385867,test\Murrah\Murrah_141.jpg
Murrah,Mehsana,0.46780738,test\Murrah\Murrah_143.jpg
Murrah,Mehsana,0.6792494,test\Murrah\Murrah_144.jpg
Murrah,Mehsana,0.42649147,test\Murrah\Murrah_145.jpg
Murrah,Mehsana,0.586574,test\Murrah\Murrah_146.jpg
Murrah,Mehsana,0.5723509,test\Murrah\Murrah_147.jpg
Murrah,Mehsana,0.5881735,test\Murrah\Murrah_148.jpg
Murrah,Mehsana,0.55735224,test\Murrah\Murrah_15.jpg
Murrah,Mehsana,0.56683743,test\Murrah\Murrah_150.jpg
Murrah,Mehsana,0.37260678,test\Murrah\Murrah_151.jpg
Murrah,Mehsana,0.72807574,test\Murrah\Murrah_152.jpg
Murrah,Mehsana,0.48281014,test\Murrah\Murrah_154.jpg
Murrah,Mehsana,0.63513,test\Murrah\Murrah_155.jpg
Murrah,Mehsana,0.5920068,test\Murrah\Murrah_156.jpg
Murrah,Mehsana,0.50453264,test\Murrah\Murrah_158.jpg
Murrah,Mehsana,0.6789926,test\Murrah\Murrah_163.jpg
Murrah,Mehsana,0.44664836,test\Murrah\Murrah_165.jpg
Murrah,Mehsana,0.5409182,test\Murrah\Murrah_166.jpg
Murrah,Mehsana,0.60514814,test\Murrah\Murrah_167.jpg
Murrah,Mehsana,0.7177765,test\Murrah\Murrah_17.jpg
Murrah,Mehsana,0.6130091,test\Murrah\Murrah_173.jpeg
Murrah,Mehsana,0.39582828,test\Murrah\Murrah_174.jpg
Murrah,Mehsana,0.69949,test\Murrah\Murrah_175.jpeg
Murrah,Mehsana,0.44396108,test\Murrah\Murrah_176.jpg
Murrah,Mehsana,0.64089423,test\Murrah\Murrah_180.jpg
Murrah,Mehsana,0.79806864,test\Murrah\Murrah_181.jpg
Murrah,Mehsana,0.6062075,test\Murrah\Murrah_19.jpg
Murrah,Mehsana,0.66843766,test\Murrah\Murrah_2.JPG
Murrah,Mehsana,0.6111034,test\Murrah\Murrah_20.jpg
Murrah,Mehsana,0.31837595,test\Murrah\Murrah_22.jpg
Murrah,Jaffrabadi,0.29564893,test\Murrah\Murrah_26.jpg
Murrah,Jaffrabadi,0.20261241,test\Murrah\Murrah_28.jpg
Murrah,Mehsana,0.55260015,test\Murrah\Murrah_30.jpg
Murrah,Mehsana,0.5720807,test\Murrah\Murrah_31.jpeg
Murrah,Jaffrabadi,0.33376852,test\Murrah\Murrah_32.jpg
Murrah,Mehsana,0.5126808,test\Murrah\Murrah_33.jpg
Murrah,Mehsana,0.53370935,test\Murrah\Murrah_35.jpg
Murrah,Mehsana,0.67595315,test\Murrah\Murrah_37.jpg
Murrah,Mehsana,0.48974568,test\Murrah\Murrah_42.jpg
Murrah,Mehsana,0.58677363,test\Murrah\Murrah_44.jpg
Murrah,Mehsana,0.5084883,test\Murrah\Murrah_48.jpg
Murrah,Mehsana,0.61430883,test\Murrah\Murrah_49.jpg
Murrah,Mehsana,0.28660753,test\Murrah\Murrah_5.jpg
Murrah,Mehsana,0.55145067,test\Murrah\Murrah_51.jpeg
Murrah,Jaffrabadi,0.36577347,test\Murrah\Murrah_53.jpg
Murrah,Mehsana,0.56369287,test\Murrah\Murrah_58.jpg
Murrah,Mehsana,0.4852373,test\Murrah\Murrah_59.jpg
Murrah,Mehsana,0.50491995,test\Murrah\Murrah_6.jpg
Murrah,Mehsana,0.47114497,test\Murrah\Murrah_62.jpg
Murrah,Mehsana,0.48039636,test\Murrah\Murrah_63.jpg
Murrah,Mehsana,0.47414348,test\Murrah\Murrah_64.jpg
Murrah,Mehsana,0.62170553,test\Murrah\Murrah_7.jpg
Murrah,Mehsana,0.5391822,test\Murrah\Murrah_70.jpg
Murrah,Mehsana,0.48244983,test\Murrah\Murrah_73.jpg
Murrah,Mehsana,0.6764073,test\Murrah\Murrah_74.jpg
Murrah,Mehsana,0.59393084,test\Murrah\Murrah_75.jpg
Murrah,Mehsana,0.5560768,test\Murrah\Murrah_76.jpg
Murrah,Mehsana,0.55782175,test\Murrah\Murrah_79.jpg
Murrah,Mehsana,0.510392,test\Murrah\Murrah_8.jpg
Murrah,Jaffrabadi,0.3575129,test\Murrah\Murrah_80.jpg
Murrah,Mehsana,0.58401567,test\Murrah\Murrah_81.jpg
Murrah,Mehsana,0.44360453,test\Murrah\Murrah_84.jpg
Murrah,Mehsana,0.49393252,test\Murrah\Murrah_87.jpg
Murrah,Mehsana,0.4388102,test\Murrah\Murrah_88.jpeg
Murrah,Mehsana,0.5446996,test\Murrah\Murrah_9.jpg
Murrah,Mehsana,0.5334064,test\Murrah\Murrah_92.png
Murrah,Mehsana,0.5109928,test\Murrah\Murrah_93.png
Murrah,Mehsana,0.6382544,test\Murrah\Murrah_94.png
Murrah,Mehsana,0.57251304,test\Murrah\Murrah_95.jpg
Murrah,Mehsana,0.65239996,test\Murrah\Murrah_96.png
Murrah,Mehsana,0.3955221,test\Murrah\Murrah_97.png
Murrah,Mehsana,0.36960036,test\Murrah\Murrah_98.png
Murrah,Mehsana,0.52628416,test\Murrah\Murrah_99.png
Murrah,Gir,0.33224016,test\Murrah\ODF(1).wL6v-lRoh8CXPdqGWTbRgA.png
Murrah,Gir,0.33224016,test\Murrah\ODF(2).gZpreE5RPmpWy5h-sdYYXg.png
Murrah,Sahiwal,0.27564782,test\Murrah\ODF(3).kCKFU1-d0l3Elu2Vvbpmew.png
Murrah,Gir,0.5448758,test\Murrah\ODF.9TlIIBgEFhmYI3Rtyk2IKA.png
Murrah,Mehsana,0.26905864,test\Murrah\ODF.DUu9qCA24rDZHArsFjcNRg.png
Murrah,Gir,0.30269563,test\Murrah\ODF.N53-owJYDqy5So31k2hyiQ.png
Murrah,Sahiwal,0.4605096,test\Murrah\ODF.O3tZcULkCi1sp-1pCCOazA.png
Murrah,Sahiwal,0.37115875,test\Murrah\ODF.eMXnJUdIZAF-K_9mwrjsXw.png
Murrah,Gir,0.33224016,test\Murrah\ODF.gZpreE5RPmpWy5h-sdYYXg.png
Murrah,Mehsana,0.32619148,test\Murrah\ODF.rFFVsSqRwIawG6OA9GubQQ.png
Murrah,Mehsana,0.30998304,test\Murrah\OIF.BZtOmieL812cxmjZhBa3VA.jpg
Murrah,Sahiwal,0.5390676,test\Murrah\OIF.CqBWBdmYbu7o2ZYi3dmSwg.jpg
Murrah,Gir,0.58105636,test\Murrah\OIF.RNLvqxIdPNeNUnsly9N2UA.jpg
Murrah,Mehsana,0.416868,test\Murrah\OIF.VX0IJ0Nym8LMemIYeqj1Kw.jpg
Murrah,Mehsana,0.6857353,test\Murrah\OIP (10).jpg
Murrah,Mehsana,0.6198739,test\Murrah\OIP (12).jpg
Murrah,Mehsana,0.5147024,test\Murrah\OIP (13).jpg
Murrah,Mehsana,0.67877215,test\Murrah\OIP (16).jpg
Murrah,Mehsana,0.7503796,test\Murrah\OIP (17).jpg
Murrah,Mehsana,0.44875905,test\Murrah\OIP (18).jpg
Murrah,Mehsana,0.50945336,test\Murrah\OIP (19).jpg
Murrah,Mehsana,0.7265886,test\Murrah\OIP (2).jpg
Murrah,Mehsana,0.5851478,test\Murrah\OIP (20).jpg
Murrah,Mehsana,0.30192944,test\Murrah\OIP (21).jpg
Murrah,Mehsana,0.55366164,test\Murrah\OIP (22).jpg
Murrah,Mehsana,0.5129646,test\Murrah\OIP (23).jpg
Murrah,Mehsana,0.34017572,test\Murrah\OIP (24).jpg
Murrah,Mehsana,0.5082992,test\Murrah\OIP (25).jpg
Murrah,Mehsana,0.5477387,test\Murrah\OIP (26).jpg
Murrah,Mehsana,0.64955527,test\Murrah\OIP (27).jpg
Murrah,Mehsana,0.6281781,test\Murrah\OIP (29).jpg
Murrah,Mehsana,0.5648933,test\Murrah\OIP (3).jpg
Murrah,Mehsana,0.5590314,test\Murrah\OIP (30).jpg
Murrah,Mehsana,0.6284979,test\Murrah\OIP (31).jpg
Murrah,Mehsana,0.70830286,test\Murrah\OIP (32).jpg
Murrah,Mehsana,0.6144647,test\Murrah\OIP (33).jpg
Murrah,Mehsana,0.40951398,test\Murrah\OIP (34).jpg
Murrah,Jaffrabadi,0.42155537,test\Murrah\OIP (35).jpg
Murrah,Mehsana,0.5803692,test\Murrah\OIP (36).jpg
Murrah,Mehsana,0.65323573,test\Murrah\OIP (38).jpg
Murrah,Mehsana,0.6330246,test\Murrah\OIP (39).jpg
Murrah,Mehsana,0.45219374,test\Murrah\OIP (4).jpg
Murrah,Mehsana,0.6068086,test\Murrah\OIP (40).jpg
Murrah,Mehsana,0.55819976,test\Murrah\OIP (41).jpg
Murrah,Mehsana,0.36011216,test\Murrah\OIP (42).jpg
Murrah,Jaffrabadi,0.4061845,test\Murrah\OIP (43).jpg
Murrah,Mehsana,0.30721876,test\Murrah\OIP (45).jpg
Murrah,Mehsana,0.5083302,test\Murrah\OIP (46).jpg
Murrah,Mehsana,0.8187471,test\Murrah\OIP (5).jpg
Murrah,Mehsana,0.56701523,test\Murrah\OIP (50).jpg
Murrah,Mehsana,0.7708126,test\Murrah\OIP (52).jpg
Murrah,Mehsana,0.51476043,test\Murrah\OIP (53).jpg
Murrah,Mehsana,0.48348132,test\Murrah\OIP (54).jpg
Murrah,Mehsana,0.5124803,test\Murrah\OIP (55).jpg
Murrah,Mehsana,0.51635534,test\Murrah\OIP (58).jpg
Murrah,Mehsana,0.59717256,test\Murrah\OIP (59).jpg
Murrah,Mehsana,0.5088317,test\Murrah\OIP (6).jpg
Murrah,Mehsana,0.51887816,test\Murrah\OIP (61).jpg
Murrah,Jaffrabadi,0.41275615,test\Murrah\OIP (63).jpg
Murrah,Mehsana,0.44148478,test\Murrah\OIP (65).jpg
Murrah,Mehsana,0.6588465,test\Murrah\OIP (67).jpg
Murrah,Red_Sindhi,0.7668335,test\Murrah\OIP (7).jpg
Murrah,Jaffrabadi,0.41275615,test\Murrah\OIP (70).jpg
Murrah,Mehsana,0.44148478,test\Murrah\OIP (72).jpg
Murrah,Jaffrabadi,0.38663477,test\Murrah\OIP (75).jpg
Murrah,Mehsana,0.45544937,test\Murrah\OIP (79).jpg
Murrah,Mehsana,0.63078624,test\Murrah\OIP (8).jpg
Murrah,Gir,0.5022695,test\Murrah\OIP(1).ZhI5vonW7K1NcEMB9QOLRQHaE8.jpg
Murrah,Gir,0.31927758,test\Murrah\OIP(10).AIYogOECKCgyBqoIf9iQQgHaJ4.jpg
Murrah,Mehsana,0.7015515,test\Murrah\OIP(12).Szu4jwXWs180IZcxe7YZ-gHaFj.jpg
Murrah,Mehsana,0.71095735,test\Murrah\OIP(13).BF0tiu7ITfSLpO7oRb-BygHaHa.jpg
Murrah,Mehsana,0.5103326,test\Murrah\OIP(14).IPVqYhjCw6pO7ej_wwM0PAAAAA.jpg
Murrah,Mehsana,0.65356994,test\Murrah\OIP(15).k78P-qHKja30lF31aI1pIAAAAA.jpg
Murrah,Jaffrabadi,0.38663477,test\Murrah\OIP(16).ZhI5vonW7K1NcEMB9QOLRQHaE8.jpg
Murrah,Mehsana,0.47842756,test\Murrah\OIP(17).2rJ0RjfzrrngbDUwNndatQHaE8.jpg
Murrah,Sahiwal,0.54178506,test\Murrah\OIP(18).7R1Yt3J6q_RiVZrmTTyn9AHaLH.jpg
Murrah,Mehsana,0.46810853,test\Murrah\OIP(19).NxPY7OdTKg4bPNEl_RkdKAHaFj.jpg
Murrah,Mehsana,0.50969064,test\Murrah\OIP(2).2rJ0RjfzrrngbDUwNndatQHaE8.jpg
Murrah,Mehsana,0.41232383,test\Murrah\OIP(20).EZb2q-p1X02ewvBznY8T7gHaE7.jpg
Murrah,Mehsana,0.7885457,test\Murrah\OIP(21).9tEdFm1hj2iPx7NVauJpHgHaEK.jpg
Murrah,Jaffrabadi,0.4747825,test\Murrah\OIP(22).Zhhk7weKr_0EGf8NWCh8mgHaFL.jpg
Murrah,Mehsana,0.40880355,test\Murrah\OIP(23).n1dhuzuF77onZ0IoOIgbRQHaF-.jpg
Murrah,Sahiwal,0.40987828,test\Murrah\OIP(24).mDNfOHUZ698tmu19wrQTQQHaF1.jpg
Murrah,Sahiwal,0.21722202,test\Murrah\OIP(25).KeF3C22IeVi7B5NNo9e4OAHaHa.jpg
Murrah,Mehsana,0.5234531,test\Murrah\OIP(27).SX5_Y0X_aO3vupWo0xu8YAHaFj.jpg
Murrah,Sahiwal,0.4630274,test\Murrah\OIP(3).7R1Yt3J6q_RiVZrmTTyn9AHaLH.jpg
Murrah,Mehsana,0.59779525,test\Murrah\OIP(32).AaG-WGfwijKXbMMHShl7DAHaCt.jpg
Murrah,Mehsana,0.69010776,test\Murrah\OIP(33)._GEkNRpQKEL0V6JR4llJ5AHaFc.jpg
Murrah,Mehsana,0.59905285,test\Murrah\OIP(34).e2_ZQ2RtAbPtvgF2k92HvQHaEK.jpg
Murrah,Mehsana,0.5210313,test\Murrah\OIP(37).O4aW5Sd5HCpda_ZjRMPXGgHaHa.jpg
Murrah,Mehsana,0.55685306,test\Murrah\OIP(38).IQg6Yb-4cFX-PidNLYIoeAHaEK.jpg
Murrah,Mehsana,0.9034182,test\Murrah\OIP(4).8Oemuuj_oV52Vu5jAKwJQwHaGZ.jpg
Murrah,Mehsana,0.49177092,test\Murrah\OIP(40).Pm3k_9ZM9pLpqdoEyR1FIwHaG7.jpg
Murrah,Mehsana,0.54327923,test\Murrah\OIP(41).iTTXmvNoAP7SCpiErcMstQHaFj.jpg
Murrah,Mehsana,0.6223611,test\Murrah\OIP(43).Szu4jwXWs180IZcxe7YZ-gHaFj.jpg
Murrah,Mehsana,0.4986063,test\Murrah\OIP(44).o3DyYjjxEKi84xiytBg2jQHaFj.jpg
Murrah,Mehsana,0.6673588,test\Murrah\OIP(45).4gkITbnN_Um1gR2C14WZPwHaFj.jpg
Murrah,Mehsana,0.5332285,test\Murrah\OIP(47).Szu4jwXWs180IZcxe7YZ-gHaFj.jpg
Murrah,Mehsana,0.4814818,test\Murrah\OIP(5).IPVqYhjCw6pO7ej_wwM0PAAAAA.jpg
Murrah,Jaffrabadi,0.25189692,test\Murrah\OIP(5).fQ5BuC9kTJdFK4xtE9cC-wHaE8.jpg
Murrah,Mehsana,0.4814818,test\Murrah\OIP(8).IPVqYhjCw6pO7ej_wwM0PAAAAA.jpg
Murrah,Mehsana,0.6984541,test\Murrah\OIP(9).RM3jeOAHRxFB8pIzBDHxxwHaJY.jpg
Murrah,Mehsana,0.6857353,test\Murrah\OIP.-87sOP8LT1IEXU_iFKvY0QHaFe.jpg
Murrah,Mehsana,0.5328122,test\Murrah\OIP.-Dfd7wXPA12O97LIe2KXOgHaDV.jpg
Murrah,Jaffrabadi,0.36094782,test\Murrah\OIP.-Ej5fRjhmCryxgNTVFV_nwHaHa.jpg
Murrah,Mehsana,0.75771475,test\Murrah\OIP.-JFZGbnXVKVzfCq6x10vugAAAA.jpg
Murrah,Mehsana,0.8187471,test\Murrah\OIP.-qN6WQUWmUw-NDt8_xONzAHaDy.jpg
Murrah,Mehsana,0.55442816,test\Murrah\OIP.06N9L9nbHsAtnxTKa_gwgAHaFj.jpg
Murrah,Mehsana,0.66292983,test\Murrah\OIP.0Vt7CQvKQVLLGvFk01NlWQHaDi.jpg
Murrah,Mehsana,0.6785451,test\Murrah\OIP.0_T6E-2J1onAZUV8Vh3negAAAA.jpg
Murrah,Mehsana,0.6198739,test\Murrah\OIP.0__mN2rhqhZa7WOGxTrtmAAAAA.jpg
Murrah,Jaffrabadi,0.41166437,test\Murrah\OIP.0bkBa2qRHRsEEhykRKt9pwHaF-.jpg
Murrah,Sahiwal,0.21476488,test\Murrah\OIP.0gJFlkh6QxW7GYL-I9YkZgHaHa.jpg
Murrah,Jaffrabadi,0.2931554,test\Murrah\OIP.0ohjH2W7IhHmUq23VT9AqQHaFa.jpg
Murrah,Mehsana,0.45902428,test\Murrah\OIP.1G4aRgPCB-SOcQDrMlFjlAHaET.jpg
Murrah,Jaffrabadi,0.30505747,test\Murrah\OIP.2RtNEFuVvpo9QhLoT4YeNAHaHa.jpg
Murrah,Mehsana,0.78424627,test\Murrah\OIP.2qBN6FNydF2FO0oeitTTuwAAAA.jpg
Murrah,Mehsana,0.6998478,test\Murrah\OIP.2qhY5K8K81TfMpWHWJQ1xwAAAA.jpg
Murrah,Mehsana,0.5882058,test\Murrah\OIP.2xVDIo8kut96ZT6Y9JvIpAAAAA.jpg
Murrah,Mehsana,0.5600948,test\Murrah\OIP.3-Uy5Vlz-modjPSK-Q8sXAHaHa.jpg
Murrah,Mehsana,0.47580767,test\Murrah\OIP.3CPoXEg6AuT4t9Er3eQTnwHaEK.jpg
Murrah,Mehsana,0.6284979,test\Murrah\OIP.3FwD_ZGJGR5PPNsVJdMSSAHaFj.jpg
Murrah,Mehsana,0.5803692,test\Murrah\OIP.3u2kZKp0psr6cRowI3UIMAHaJ4.jpg
Murrah,Mehsana,0.70830286,test\Murrah\OIP.445Z7F-JS5d5_sCmwSx_XQHaEP.jpg
Murrah,Mehsana,0.58484036,test\Murrah\OIP.48-gmAa0Tj1BX7FkTOQd-AAAAA.jpg
Murrah,Jaffrabadi,0.42026865,test\Murrah\OIP.4cZS8b6nBYNsGFpmpiaSogHaE8.jpg
Murrah,Mehsana,0.6050016,test\Murrah\OIP.4gkITbnN_Um1gR2C14WZPwHaFj.jpg
Murrah,Mehsana,0.38956776,test\Murrah\OIP.4tZIZi1MMccSI2dm-P_BjwHaFz.jpg
Murrah,Mehsana,0.7614726,test\Murrah\OIP.52r_h-eYqM6BK5a76VpMMgHaFj.jpg
Murrah,Mehsana,0.67936856,test\Murrah\OIP.54VteBQbMhbI--1wlDk2kwAAAA.jpg
Murrah,Mehsana,0.5082992,test\Murrah\OIP.5BFToFzljYhDcMVIvsHJ2wHaEL.jpg
Murrah,Mehsana,0.47392425,test\Murrah\OIP.5b2j9UyI8VjWZ3p05ELwZQHaEc.jpg
Murrah,Mehsana,0.7265886,test\Murrah\OIP.5xR_mpNzo76_8iHv8xDnvgAAAA.jpg
Murrah,Jaffrabadi,0.41275615,test\Murrah\OIP.60utL1c4LW16976FnzM2BwHaFW.jpg
Murrah,Jaffrabadi,0.4415368,test\Murrah\OIP.68tm7982lu-823GGxByTIwAAAA.jpg
Murrah,Mehsana,0.6284032,test\Murrah\OIP.6GkMcvVDvv0au2lbFCO7qgAAAA.jpg
Murrah,Mehsana,0.45804197,test\Murrah\OIP.7AZzRcdDaZOOiWAIV-RW-wHaFj.jpg
Murrah,Mehsana,0.6494542,test\Murrah\OIP.7LS7IOF_Q2Re1PqPo7vk-gHaFj.jpg
Murrah,Mehsana,0.6843343,test\Murrah\OIP.7Sa8HmBLDNyMqqDL6PbaagHaHa.jpg
Murrah,Mehsana,0.57196516,test\Murrah\OIP.7UuLkbpAUCn1m12Zyb7xJgHaEH.jpg
Murrah,Mehsana,0.30192944,test\Murrah\OIP.8coMEjHID_XAm7h5Baj2kgHaEK.jpg
Murrah,Sahiwal,0.21756712,test\Murrah\OIP.8fjARvq96TxblnGRFgF_iQHaHA.jpg
Murrah,Mehsana,0.60459596,test\Murrah\OIP.9rlYPrWQJuTmNXwkTxCJ3wHaHa.jpg
Murrah,Mehsana,0.8896101,test\Murrah\OIP.9tEdFm1hj2iPx7NVauJpHgHaEK.jpg
Murrah,Jaffrabadi,0.42155537,test\Murrah\OIP.AFCXo05M7nmBZ0ZNVuZjKgHaFc.jpg
Murrah,Mehsana,0.5449561,test\Murrah\OIP.AIYogOECKCgyBqoIf9iQQgHaJ4.jpg
Murrah,Mehsana,0.7402979,test\Murrah\OIP.AK7QugSqFkS7vCbEFJEV7AHaGo.jpg
Murrah,Mehsana,0.61482966,test\Murrah\OIP.AKxA4M1P45RqeaHiviM_TQHaE7.jpg
Murrah,Sahiwal,0.40079477,test\Murrah\OIP.AU4_1NsuD-_XNL5aPvK9rwHaEq.jpg
Murrah,Mehsana,0.3475864,test\Murrah\OIP.AYicRhk1qiYtEyO7M0ceDgHaJ4.jpg
Murrah,Mehsana,0.51887816,test\Murrah\OIP.AaG-WGfwijKXbMMHShl7DAHaCt.jpg
Murrah,Mehsana,0.73152125,test\Murrah\OIP.AjWMD0R78biF5fcWLNZQggAAAA.jpg
Murrah,Mehsana,0.64147025,test\Murrah\OIP.BF0tiu7ITfSLpO7oRb-BygHaHa.jpg
Murrah,Mehsana,0.64756745,test\Murrah\OIP.BaFyQIm1SmO3bT2hEm2_xgHaHa.jpg
Murrah,Mehsana,0.6700166,test\Murrah\OIP.Bhkpp-JvkTdlkrmCsVy6SwAAAA.jpg
Murrah,Mehsana,0.51135534,test\Murrah\OIP.C36YjCmT__N4Bfd79lI2NAAAAA.jpg
Murrah,Mehsana,0.5856473,test\Murrah\OIP.C_XFknYCrWXdQQHVjDLjzgAAAA.jpg
Murrah,Mehsana,0.45544937,test\Murrah\OIP.CiGHcQHqxVUJ1rHlUJEc_wHaD4.jpg
Murrah,Mehsana,0.5766562,test\Murrah\OIP.D-91XewgSumhD2o_wD4vxwHaGh.jpg
Murrah,Mehsana,0.8556223,test\Murrah\OIP.DLfCtvrfH06bdyNGGfSVUgHaHa.jpg
Murrah,Mehsana,0.65323573,test\Murrah\OIP.DrXZ9xGaULMpxOoVRNBHNwHaFf.jpg
Murrah,Mehsana,0.36011216,test\Murrah\OIP.EZb2q-p1X02ewvBznY8T7gHaE7.jpg
Murrah,Mehsana,0.48969015,test\Murrah\OIP.F4jN2j8xspKGjXT7SsrZ0AAAAA.jpg
Murrah,Gir,0.23897894,test\Murrah\OIP.FNbOasSrDX4W9lXnXRDfNQAAAA.jpg
Murrah,Mehsana,0.58514786,test\Murrah\OIP.FPq5pUDZ3NBe1kRO8IprPgHaFj.jpg
Murrah,Mehsana,0.5477387,test\Murrah\OIP.FfmIH2eHomVrQWO05TUAvAHaFb.jpg
Murrah,Mehsana,0.58217114,test\Murrah\OIP.Fw1OSVmnuDrGlMCKT5anOwHaEO.jpg
Murrah,Mehsana,0.3470013,test\Murrah\OIP.GAQ0ltWOrszhiZ-mkpNqugHaE7.jpg
Murrah,Mehsana,0.59332263,test\Murrah\OIP.GVllma-GYmkaV2NJLWO3KAHaFj.jpg
Murrah,Mehsana,0.49191183,test\Murrah\OIP.GtSjDnS7jGYSkM-Nxw_A6QHaHa.jpg
Murrah,Mehsana,0.57503843,test\Murrah\OIP.GupHEBl7ylspAFNEiKDWEAHaHa.jpg
Murrah,Mehsana,0.49749485,test\Murrah\OIP.HSrdLNVObWQSlLkVpoaxWwHaEK.jpg
Murrah,Mehsana,0.6068086,test\Murrah\OIP.HevyoxCzylsgbfD9I7tJigHaEK.jpg
Murrah,Mehsana,0.6281781,test\Murrah\OIP.HqNbRuyPGO-pttc-tW3CRQHaEK.jpg
Murrah,Mehsana,0.54927504,test\Murrah\OIP.Ht3Z7pLu7pVoHjGVEha1bQHaHL.jpg
Murrah,Mehsana,0.4975298,test\Murrah\OIP.IH0_ftf7yMgiD5Jiud3EfgHaHa.jpg
Murrah,Mehsana,0.5124803,test\Murrah\OIP.IQg6Yb-4cFX-PidNLYIoeAHaEK.jpg
Murrah,Mehsana,0.51510286,test\Murrah\OIP.JOWa-ZIEqsCcC5RMW0_fUwAAAA.jpg
Murrah,Mehsana,0.54476994,test\Murrah\OIP.JkFuBXN4oy8cmEYGMpI3ZAHaFj.jpg
Murrah,Mehsana,0.6633794,test\Murrah\OIP.JoE1G6yeEwe0yQ3dq_6m0QAAAA.jpg
Murrah,Mehsana,0.55248743,test\Murrah\OIP.KBXWVCWiPAzYGjSXcl0WrwHaHa.jpg
Murrah,Mehsana,0.53859884,test\Murrah\OIP.KDzTRHVD_0xBMvYj0v8ckQHaDb.jpg
Murrah,Mehsana,0.7503796,test\Murrah\OIP.KHnCIwECPz61LRYToU6XxgHaFj.jpg
Murrah,Mehsana,0.30721876,test\Murrah\OIP.KeF3C22IeVi7B5NNo9e4OAHaHa.jpg
Murrah,Mehsana,0.5565522,test\Murrah\OIP.L3CW9MdtDzSkOy8ybvbNVwHaE8.jpg
Murrah,Mehsana,0.5954574,test\Murrah\OIP.LJhd1TP9GFfqNm9kiYfXDwHaHa.jpg
Murrah,Mehsana,0.6330246,test\Murrah\OIP.LxzREdA2D78PuCy3vqHzlQHaFj.jpg
Murrah,Mehsana,0.597551,test\Murrah\OIP.M00OlKnOepkXglfntAQAoAAAAA.jpg
Murrah,Mehsana,0.44148478,test\Murrah\OIP.Mv0cLtYxFZASAudynXl6IAHaHa.jpg
Murrah,Mehsana,0.65904146,test\Murrah\OIP.Mxr-N_0DOEDOLx7riUzFBQHaFj.jpg
Murrah,Mehsana,0.5648933,test\Murrah\OIP.MzrBZb-VguteibwkgbsPKAHaEK.jpg
Murrah,Mehsana,0.5371024,test\Murrah\OIP.N1xLMYmtWpnvru_drPTO9gHaHa.jpg
Murrah,Mehsana,0.42653948,test\Murrah\OIP.N6UK5EHI_4hNJGDP03DfvwHaEK.jpg
Murrah,Mehsana,0.7035993,test\Murrah\OIP.NMLxviblBp3jjJLJSktNWgHaFn.jpg
Murrah,Mehsana,0.53269243,test\Murrah\OIP.NQ9gBuVxjX1be33rNzgW3gHaEU.jpg
Murrah,Mehsana,0.45219374,test\Murrah\OIP.Nk7cpTz8iQWkHDquAb11bAHaHa.jpg
Murrah,Mehsana,0.5071872,test\Murrah\OIP.NkUXpTs5Iz58TQ8r2tMKDAAAAA.jpg
Murrah,Mehsana,0.58147836,test\Murrah\OIP.NoRCnkNBHAe0aMDdRWWKLQHaGE.jpg
Murrah,Mehsana,0.55819976,test\Murrah\OIP.NxPY7OdTKg4bPNEl_RkdKAHaFj.jpg
Murrah,Mehsana,0.48348132,test\Murrah\OIP.O4aW5Sd5HCpda_ZjRMPXGgHaHa.jpg
Murrah,Mehsana,0.40951398,test\Murrah\OIP.OBvqpgZnoruHQOVXaXgAxQHaHa.jpg
Murrah,Mehsana,0.36350244,test\Murrah\OIP.OPTt3le_TkgpOmPslR51mgAAAA.jpg
Murrah,Mehsana,0.46962917,test\Murrah\OIP.OUm5DNAggQ86Nf13eeOfYgHaHa.jpg
Murrah,Mehsana,0.42814282,test\Murrah\OIP.OoxM5BCqS6NtRIUBnUWSFAHaF0.jpg
Murrah,Mehsana,0.5021135,test\Murrah\OIP.Ouvys_dWGXLkkOC7fW2p5QHaFj.jpg
Murrah,Mehsana,0.7479041,test\Murrah\OIP.POkURlm2Yp2bIMRG8BsTTgHaIV.jpg
Murrah,Mehsana,0.5249551,test\Murrah\OIP.PQ6mwSlJ9U0-yCo_F21tWQHaHa.jpg
Murrah,Mehsana,0.51635534,test\Murrah\OIP.Pm3k_9ZM9pLpqdoEyR1FIwHaG7.jpg
Murrah,Mehsana,0.730449,test\Murrah\OIP.QB6f1FgfTMm1zr6nZvqDKQHaHa.jpg
Murrah,Mehsana,0.5073952,test\Murrah\OIP.QP46pxm42w1dNmGODG2x-gAAAA.jpg
Murrah,Mehsana,0.55366164,test\Murrah\OIP.QVQhBlp1DyxdnKM5EX2JbgHaFf.jpg
Murrah,Mehsana,0.6023028,test\Murrah\OIP.QayWsFWsW4LCKbNJroUsuQHaFj.jpg
Murrah,Mehsana,0.42016208,test\Murrah\OIP.QdYjHf5sAWk9-GyQkJB9AgHaDt.jpg
Murrah,Mehsana,0.6503064,test\Murrah\OIP.QestCsE1-R75I5ps1vI7OAHaFE.jpg
Murrah,Mehsana,0.591337,test\Murrah\OIP.QnEfp4CCMlBXbJEaA44UUAHaFj.jpg
Murrah,Mehsana,0.5224504,test\Murrah\OIP.RHxeksivND7PcoUvXvZfnwHaHa.jpg
Murrah,Mehsana,0.64467454,test\Murrah\OIP.RM3jeOAHRxFB8pIzBDHxxwHaJY.jpg
Murrah,Mehsana,0.6524855,test\Murrah\OIP.RMnYfzkquI-f-_NWK39TKgHaFj.jpg
Murrah,Mehsana,0.59010977,test\Murrah\OIP.S5n5SArfAk_o8xNQ7bRrXgAAAA.jpg
Murrah,Mehsana,0.5083302,test\Murrah\OIP.SX5_Y0X_aO3vupWo0xu8YAHaFj.jpg
Murrah,Mehsana,0.52609026,test\Murrah\OIP.TAQ4M__wmO22aa-uxEfE_AHaHa.jpg
Murrah,Mehsana,0.52975476,test\Murrah\OIP.TAvG5fee_Zghr8N7d9YTAgHaHa.jpg
Murrah,Mehsana,0.5147087,test\Murrah\OIP.TO9Ct2bc_gRDvhavWYEasgHaEW.jpg
Murrah,Mehsana,0.5590314,test\Murrah\OIP.UHUFWrS5d8XSjcgXtPJShgHaEz.jpg
Murrah,Mehsana,0.536751,test\Murrah\OIP.UOpVKnC33TLwNBdDHtqsjwHaFj.jpg
Murrah,Mehsana,0.65792316,test\Murrah\OIP.VO-su3Tr0IpkF-Z5leFYXwHaHa.jpg
Murrah,Mehsana,0.6910629,test\Murrah\OIP.VPRltMoBkRBEtoa_ipWMVwHaHa.jpg
Murrah,Mehsana,0.35348615,test\Murrah\OIP.VZAAPMQ-jX5txXjtBfdA9QHaFc.jpg
Murrah,Mehsana,0.49372426,test\Murrah\OIP.WalgyG1w89k4nNOxgH52fQHaDV.jpg
Murrah,Mehsana,0.6031038,test\Murrah\OIP.Wf2qXouB2zqm5xK0XlAEPwHaHa.jpg
Murrah,Mehsana,0.53306067,test\Murrah\OIP.Wq9Mu-51yf8X_yboNsuA4AHaHa.jpg
Murrah,Mehsana,0.51765466,test\Murrah\OIP.WqLA9KXLB-CmMkzSBwdiWwHaHa.jpg
Murrah,Mehsana,0.71103024,test\Murrah\OIP.Wz5elY39oXcJO1o8H_oVgAHaHa.jpg
Murrah,Mehsana,0.4938951,test\Murrah\OIP.XIQjfxnFG0LpTFkrpq6-FAHaHa.jpg
Murrah,Jaffrabadi,0.32707548,test\Murrah\OIP.XRb2wr7huo2gKyUwTGs9ywHaFj.jpg
Murrah,Mehsana,0.47480017,test\Murrah\OIP.XVkl5Y24sCI9SFiLcYHWXAAAAA.jpg
Murrah,Mehsana,0.517877,test\Murrah\OIP.XqdMJnAVD6RPGNpMQGR0GwHaHa.jpg
Murrah,Mehsana,0.62829906,test\Murrah\OIP.Y2ePN1UnaQe428-TOk_5lQHaEK.jpg
Murrah,Mehsana,0.5088317,test\Murrah\OIP.Z1uizkyQeIOp_Yh0NRJBCgHaE7.jpg
Murrah,Jaffrabadi,0.4061845,test\Murrah\OIP.Zhhk7weKr_0EGf8NWCh8mgHaFL.jpg
Murrah,Mehsana,0.658765,test\Murrah\OIP.ZpLhDwhRW4hWG_Y01a7FaAHaHu.jpg
Murrah,Mehsana,0.7708126,test\Murrah\OIP._GEkNRpQKEL0V6JR4llJ5AHaFc.jpg
Murrah,Mehsana,0.5279859,test\Murrah\OIP._k7NTXqBPGK9WUfjZ77ImwHaEs.jpg
Murrah,Mehsana,0.5241704,test\Murrah\OIP._p6Jcu2o92iPc4gnVv3HWwAAAA.jpg
Murrah,Mehsana,0.58901364,test\Murrah\OIP._vfTKwAHsoFDNXwkpLHpLwHaDh.jpg
Murrah,Mehsana,0.70435953,test\Murrah\OIP.a0qS0dq-HmjUEzkjC-_5VwAAAA.jpg
Murrah,Jaffrabadi,0.46720895,test\Murrah\OIP.a1MwtK_ry_yxd0tekynENAHaFj.jpg
Murrah,Mehsana,0.38760364,test\Murrah\OIP.aFAFx24cK6Cpl5Auog4ktAHaHa.jpg
Murrah,Jaffrabadi,0.3716308,test\Murrah\OIP.atbqsuNawuyiBXIcsxZF8QHaFj.jpg
Murrah,Mehsana,0.68066746,test\Murrah\OIP.b85XUOOFaegrh4yBPTUz_QHaFj.jpg
Murrah,Mehsana,0.5129646,test\Murrah\OIP.b9JBpdspnzSBhjAx_z4j3QHaFj.jpg
Murrah,Mehsana,0.5952728,test\Murrah\OIP.bAseI0p-kmAm6fdGzd597AHaHL.jpg
Murrah,Mehsana,0.67877215,test\Murrah\OIP.bBx2plA7yG7qbZDYXV4PewHaHa.jpg
Murrah,Mehsana,0.61999434,test\Murrah\OIP.bMuysh_zoC3I2OWt9GdhXQHaHV.jpg
Murrah,Mehsana,0.6432831,test\Murrah\OIP.baKVCjNuYJZ4R8p-OiwDVQHaHa.jpg
Murrah,Red_Sindhi,0.27781308,test\Murrah\OIP.bzK91SPalFOpnO7gR-wCTwHaFg.jpg
Murrah,Mehsana,0.553569,test\Murrah\OIP.cLGAXLPI4qdsbsr6-I8_VAAAAA.jpg
Murrah,Mehsana,0.43049976,test\Murrah\OIP.cO7oVEKgmkpq3LUqAEFrKQHaF9.jpg
Murrah,Mehsana,0.7156077,test\Murrah\OIP.dRPMZGPGIC67ma-Zcc-ucAHaE8.jpg
Murrah,Mehsana,0.6588465,test\Murrah\OIP.dfDmsn3ubkSLUgH06Ney8AHaDt.jpg
Murrah,Mehsana,0.4525709,test\Murrah\OIP.dhkSejHw5U9UouNj5TftVQHaFJ.jpg
Murrah,Mehsana,0.51326764,test\Murrah\OIP.dkoNTwhsAfp2enE4mih2OAHaEK.jpg
Murrah,Sahiwal,0.5737791,test\Murrah\OIP.dlX1gQoexpfGUgAmJ1tXlAHaFj.jpg
Murrah,Sahiwal,0.3930056,test\Murrah\OIP.dmcEANcHYCdwiRwPM339VAAAAA.jpg
Murrah,Mehsana,0.4867884,test\Murrah\OIP.drA4SA6wi_QJXphjYsbeuQAAAA.jpg
Murrah,Mehsana,0.51476043,test\Murrah\OIP.e2_ZQ2RtAbPtvgF2k92HvQHaEK.jpg
Murrah,Mehsana,0.7084311,test\Murrah\OIP.evvC2Yfem_u-APlN_m3zzwHaHV.jpg
Murrah,Mehsana,0.7114199,test\Murrah\OIP.fDXJsYDJXKX1O9EKXYfyOAHaDt.jpg
Murrah,Mehsana,0.41711664,test\Murrah\OIP.fS5SUhY2A8w1Vue3G2ENnQHaFj.jpg
Murrah,Mehsana,0.5877362,test\Murrah\OIP.gV00l2WDdv_yiz--Yf7gQgHaHa.jpg
Murrah,Mehsana,0.44875905,test\Murrah\OIP.haZCAhBTBU-66xfeGBwbZQHaEK.jpg
Murrah,Mehsana,0.6144647,test\Murrah\OIP.hfFYm3ytgaAHNWWaM1L3tQHaFj.jpg
Murrah,Gir,0.53020626,test\Murrah\OIP.hlksSws7lbpD0vrHCJN20AHaE8.jpg
Murrah,Red_Sindhi,0.31752783,test\Murrah\OIP.iM4X3vad32T55plRPVsK_wHaE8.jpg
Murrah,Mehsana,0.5147024,test\Murrah\OIP.iQKqvw9oUmTnrG61nZ4lKQHaHa.jpg
Murrah,Mehsana,0.56701523,test\Murrah\OIP.iTTXmvNoAP7SCpiErcMstQHaFj.jpg
Murrah,Mehsana,0.6933899,test\Murrah\OIP.idPtXoCaDdl2cvol0dhUFQHaHa.jpg
Murrah,Mehsana,0.516546,test\Murrah\OIP.j6-zYitXje3-JWlQFmWnIQAAAA.jpg
Murrah,Jaffrabadi,0.4536091,test\Murrah\OIP.jbFqDiXPcWN_rBYXmXc6NgHaFj.jpg
Murrah,Mehsana,0.49408576,test\Murrah\OIP.jpyCISRZZJU_tQMXAVjfewHaEK.jpg
Murrah,Mehsana,0.5456919,test\Murrah\OIP.jybijdWX5znivRTlggsO1wHaHa.jpg
Murrah,Mehsana,0.5800775,test\Murrah\OIP.k1wruUImuI2jbt2jLc8FUgHaIB.jpg
Murrah,Mehsana,0.79590863,test\Murrah\OIP.k3xvrCvzGp99833ZdcjOBwHaFj.jpg
Murrah,Mehsana,0.5127372,test\Murrah\OIP.k78P-qHKja30lF31aI1pIAAAAA.jpg
Murrah,Mehsana,0.55150545,test\Murrah\OIP.kDGc-7rxf-iHxvbbKtFP_gHaJ4.jpg
Murrah,Mehsana,0.51760745,test\Murrah\OIP.kafuJ13mAVrALRDbE1MBzgHaEc.jpg
Murrah,Mehsana,0.51756954,test\Murrah\OIP.lUht755BX0dBJJMCTPqv2wHaF-.jpg
Murrah,Mehsana,0.4450674,test\Murrah\OIP.l_MQz4Kyvj6y57QO2dzwBAHaEK.jpg
Murrah,Mehsana,0.5868768,test\Murrah\OIP.lh3mXVonJAolV5gb-8282QHaEK.jpg
Murrah,Mehsana,0.63078624,test\Murrah\OIP.m41RQaCsxy3NcufmDWs2nAHaE8.jpg
Murrah,Mehsana,0.60962784,test\Murrah\OIP.m5xrBdZtpUlEzB5L1iUjvQHaHa.jpg
Murrah,Mehsana,0.35530567,test\Murrah\OIP.m7hCiI4eDf4uz-_HtQlm0gAAAA.jpg
Murrah,Sahiwal,0.44157007,test\Murrah\OIP.mDNfOHUZ698tmu19wrQTQQHaF1.jpg
Murrah,Mehsana,0.6877917,test\Murrah\OIP.mLV1vUNct6fGPntqsdZLPQHaEK.jpg
Murrah,Mehsana,0.6406101,test\Murrah\OIP.mQStI9p08nk0p2x1AvYrtQHaHa.jpg
Murrah,Red_Sindhi,0.7668335,test\Murrah\OIP.mRBgIqUf7pMZFMJUk2d71AHaFa.jpg
Murrah,Mehsana,0.6583087,test\Murrah\OIP.mYMPmzS8ZsTILuxTMHD0xwHaFj.jpg
Murrah,Mehsana,0.7099072,test\Murrah\OIP.mZeMEQYo2l3LzvsuGMazrgHaHa.jpg
Murrah,Mehsana,0.70993054,test\Murrah\OIP.mk0rRUMMq8uGLu9-ZJ2MDwHaFE.jpg
Murrah,Mehsana,0.7145166,test\Murrah\OIP.muOhrLf6PwGOuOGRVweciAAAAA.jpg
Murrah,Mehsana,0.7621972,test\Murrah\OIP.n6hwhbnlTKw4AgIcReymQgAAAA.jpg
Murrah,Mehsana,0.5025217,test\Murrah\OIP.nSd6G7f0-HvDwutgAgD-AgHaHa.jpg
Murrah,Mehsana,0.48550653,test\Murrah\OIP.nmF2f87gg6CaiK3MspBJPQHaHa.jpg
Murrah,Mehsana,0.5123555,test\Murrah\OIP.nzZh1xd_bPPPADcgqejpWAHaE8.jpg
Murrah,Mehsana,0.41848963,test\Murrah\OIP.oHRS1oSgD3jAWFzWK1b7vAHaFk.jpg
Murrah,Mehsana,0.68662024,test\Murrah\OIP.ou54wssQyDtEMT0PINpsnAHaFj.jpg
Murrah,Mehsana,0.6701121,test\Murrah\OIP.ovgddoqUPL91p-97HuwjTgHaGv.jpg
Murrah,Mehsana,0.7256732,test\Murrah\OIP.p-zK2FPogYpNeuPDaDygHQHaFj.jpg
Murrah,Mehsana,0.6500491,test\Murrah\OIP.pZTBYH___9SRCPxPy5gwegHaJ4.jpg
Murrah,Mehsana,0.5646573,test\Murrah\OIP.qYT7pR7u68g1aiHBqkb0swHaF9.jpg
Murrah,Mehsana,0.7871201,test\Murrah\OIP.qgvlg1i-aMXZ1hDk_5Xq6gAAAA.jpg
Murrah,Mehsana,0.54697156,test\Murrah\OIP.qyjGfdqbSUZDbWujsW9GOgHaDZ.jpg
Murrah,Mehsana,0.5373739,test\Murrah\OIP.rUNsiCHVTFZwVvwJpxxJ7wHaHa.jpg
Murrah,Gir,0.3465721,test\Murrah\OIP.sGaAIcR89kRttGcGCjT3uwHaFW.jpg
Murrah,Mehsana,0.54925686,test\Murrah\OIP.s_6mW76yvQv7qlpdgmQXMgHaGW.jpg
Murrah,Jaffrabadi,0.28702685,test\Murrah\OIP.sgPgds62IxltQyRLriVysAHaJ2.jpg
Murrah,Mehsana,0.49030656,test\Murrah\OIP.sn97FKkIQNBhITrJkfSYnAHaHa.jpg
Murrah,Mehsana,0.34017572,test\Murrah\OIP.t3BcapBWekGHtPRzbVI7iQHaHa.jpg
Murrah,Mehsana,0.50569254,test\Murrah\OIP.tFOz2zVu4XcKPDWQO26ZfQHaJ4.jpg
Murrah,Mehsana,0.8860254,test\Murrah\OIP.ugDz4vfv9Wfbt3Vg8mtEwgHaLH.jpg
Murrah,Mehsana,0.8074949,test\Murrah\OIP.uzVEt0DcqfP26suAyzhM-wHaFj.jpg
Murrah,Jaffrabadi,0.3114621,test\Murrah\OIP.vVQx0vvCOPqKDjXCU-1iwAHaF-.jpg
Murrah,Mehsana,0.48575532,test\Murrah\OIP.vtHV0rpHyNSvcE9RGxo61QHaFj.jpg
Murrah,Mehsana,0.5447367,test\Murrah\OIP.vyCUyNBfnY8DT1VMlRfq4AHaHa.jpg
Murrah,Mehsana,0.54473835,test\Murrah\OIP.y8712tA2gg8pbqjin9VWlQHaEK.jpg
Murrah,Mehsana,0.59717256,test\Murrah\OIP.yh493tut6VqaEdIuA339CgHaEK.jpg
Murrah,Mehsana,0.64955527,test\Murrah\OIP.z1Fu-tqkBz8hLYAZ0f_FLQHaDi.jpg
Murrah,Mehsana,0.5409977,test\Murrah\OIP.z86lWJKnML0Aj55g4WVT-wHaFj.jpg
Murrah,Mehsana,0.6506409,test\Murrah\OIP.zaiYEKN8cuS1-oDlcKPYkgHaFD.jpg
Murrah,Mehsana,0.49732786,test\Murrah\OIP.zk838-hUVtizxZHdueX7twHaFj.jpg
Murrah,Mehsana,0.5984752,test\Murrah\OIP.znKx1oVEYDU2rtXuJSyJhwHaHs.jpg
Murrah,Mehsana,0.50945336,test\Murrah\OIP.zwtmvALY6jW01W4oQr_SPAAAAA.jpg
Murrah,Mehsana,0.6804891,test\Murrah\Pure-Breed-Murrah-Buffalo.jpg
Murrah,Mehsana,0.80675274,test\Murrah\Pure-Murrah-Buffalo-Breed.jpg
Murrah,Mehsana,0.30761397,test\Murrah\R.jpg
Murrah,Mehsana,0.50814295,test\Murrah\Yield-Murrah-Breed-Buffalo.jpg
Murrah,Mehsana,0.56804943,test\Murrah\animals-8352680_960_720.jpg
Murrah,Mehsana,0.42387542,test\Murrah\animals-8352682_1280.jpg
Murrah,Jaffrabadi,0.2508148,test\Murrah\b0FwJOyobV6NnXq4XV6y--Iohrc.png
Murrah,Mehsana,0.6703064,test\Murrah\buff3.png
Murrah,Mehsana,0.5256494,test\Murrah\d9f2b96e6e6c0374bf83c5193dd032b1.jpg
Murrah,Mehsana,0.5396334,test\Murrah\haryana-murrah-buffalo-1000x1000.jpg
Murrah,Mehsana,0.7926053,test\Murrah\high-breed-murrah-buffalo-319.jpg
Murrah,Mehsana,0.38315246,test\Murrah\istockphoto-1435286905-1024x1024 (1).jpg
Murrah,Mehsana,0.38315246,test\Murrah\istockphoto-1435286905-1024x1024.jpg
Murrah,Mehsana,0.6521306,test\Murrah\mur.jpg
Murrah,Mehsana,0.44337875,test\Murrah\murrah-beffalo-1502126055-3196761.jpeg
Murrah,Mehsana,0.47076413,test\Murrah\murrah-buffalo-1502701297-3219878.jpeg
Murrah,Mehsana,0.5721667,test\Murrah\murrah-buffalo-1597809342-5557814.jpeg
Murrah,Mehsana,0.48509768,test\Murrah\murrah-buffalo-breed-milk-1000x1000.jpg
Murrah,Mehsana,0.4919168,test\Murrah\murrah-bull-1000x1000.jpg
Murrah,Mehsana,0.5792368,test\Murrah\murrah-bull-500x500.jpg
Murrah,Mehsana,0.6435865,test\Murrah\murrah-bull-yuvraj-in-india-murrah-buffalo-is-most-popular-breed-of-water-buffalo-bulls-in-india-2JDR5WY.jpg
Murrah,Mehsana,0.5271818,test\Murrah\murrah.png
Murrah,Mehsana,0.68445927,test\Murrah\product-jpeg-1000x1000 (1).jpg
Murrah,Mehsana,0.6380006,test\Murrah\pure-breed-murrah-buffalo-673.jpg
Murrah,Mehsana,0.6909277,test\Murrah\skin(murrah).jpg
Murrah,Mehsana,0.5105683,test\Murrah\th(100).jpg
Murrah,Mehsana,0.7090737,test\Murrah\th(101).jpg
Murrah,Mehsana,0.49419186,test\Murrah\th(102).jpg
Murrah,Mehsana,0.5768745,test\Murrah\th(104).jpg
Murrah,Mehsana,0.55299926,test\Murrah\th(105).jpg
Murrah,Mehsana,0.40940267,test\Murrah\th(106).jpg
Murrah,Jaffrabadi,0.438391,test\Murrah\th(107).jpg
Murrah,Jaffrabadi,0.6642889,test\Murrah\th(108).jpg
Murrah,Mehsana,0.4830201,test\Murrah\th(109).jpg
Murrah,Mehsana,0.55592114,test\Murrah\th(110).jpg
Murrah,Mehsana,0.36453113,test\Murrah\th(111).jpg
Murrah,Mehsana,0.5622918,test\Murrah\th(112).jpg
Murrah,Mehsana,0.42323,test\Murrah\th(113).jpg
Murrah,Jaffrabadi,0.511204,test\Murrah\th(114).jpg
Murrah,Red_Sindhi,0.57365936,test\Murrah\th(115).jpg
Murrah,Red_Sindhi,0.432748,test\Murrah\th(116).jpg
Murrah,Red_Sindhi,0.39664003,test\Murrah\th(117).jpg
Murrah,Mehsana,0.40210006,test\Murrah\th(120).jpg
Murrah,Sahiwal,0.33397484,test\Murrah\th(121).jpg
Murrah,Mehsana,0.3286274,test\Murrah\th(122).jpg
Murrah,Mehsana,0.5254314,test\Murrah\th(123).jpg
Murrah,Mehsana,0.7783661,test\Murrah\th(124).jpg
Murrah,Mehsana,0.55950683,test\Murrah\th(125).jpg
Murrah,Mehsana,0.58782417,test\Murrah\th(127).jpg
Murrah,Mehsana,0.5442036,test\Murrah\th(129).jpg
Murrah,Mehsana,0.4772018,test\Murrah\th(132).jpg
Murrah,Mehsana,0.525213,test\Murrah\th(133).jpg
Murrah,Mehsana,0.42448637,test\Murrah\th(134).jpg
Murrah,Mehsana,0.7276928,test\Murrah\th(135).jpg
Murrah,Mehsana,0.746841,test\Murrah\th(136).jpg
Murrah,Mehsana,0.4422521,test\Murrah\th(139).jpg
Murrah,Mehsana,0.6373225,test\Murrah\th(140).jpg
Murrah,Gir,0.31040284,test\Murrah\th(141).png
Murrah,Mehsana,0.40940267,test\Murrah\th(69).jpg
Murrah,Jaffrabadi,0.438391,test\Murrah\th(70).jpg
Murrah,Jaffrabadi,0.6642889,test\Murrah\th(71).jpg
Murrah,Mehsana,0.4830201,test\Murrah\th(72).jpg
Murrah,Mehsana,0.55592114,test\Murrah\th(73).jpg
Murrah,Mehsana,0.36453113,test\Murrah\th(74).jpg
Murrah,Mehsana,0.7776331,test\Murrah\th(75).jpg
Murrah,Mehsana,0.3917633,test\Murrah\th(76).jpg
Murrah,Mehsana,0.51806444,test\Murrah\th(78).jpg
Murrah,Mehsana,0.2803849,test\Murrah\th(79).jpg
Murrah,Sahiwal,0.46991596,test\Murrah\th(80).jpg
Murrah,Mehsana,0.38978687,test\Murrah\th(81).jpg
Murrah,Mehsana,0.38978687,test\Murrah\th(82).jpg
Murrah,Mehsana,0.77003247,test\Murrah\th(83).jpg
Murrah,Mehsana,0.47720188,test\Murrah\th(84).jpg
Murrah,Red_Sindhi,0.43636724,test\Murrah\th(85).jpg
Murrah,Mehsana,0.6256913,test\Murrah\th(86).jpg
Murrah,Mehsana,0.33671945,test\Murrah\th(87).jpg
Murrah,Sahiwal,0.7453188,test\Murrah\th(88).jpg
Murrah,Mehsana,0.3742006,test\Murrah\th(89).jpg
Murrah,Mehsana,0.62383044,test\Murrah\th(91).jpg
Murrah,Red_Sindhi,0.30451015,test\Murrah\th(93).jpg
Murrah,Mehsana,0.6326229,test\Murrah\th(95).jpg
Murrah,Mehsana,0.5668228,test\Murrah\th(96).jpg
Murrah,Mehsana,0.6344991,test\Murrah\th(97).jpg
Murrah,Mehsana,0.40838608,test\Murrah\th(98).jpg
Murrah,Mehsana,0.24150982,test\Murrah\th.png
Murrah,Sahiwal,0.42228463,test\Murrah\ytiieusXgM2K8bLkEDP-AS1ePds.png
Red_Sindhi,Sahiwal,0.57172304,test\Red_Sindhi\Red_Sindhi_100.jpeg
Red_Sindhi,Gir,0.49063733,test\Red_Sindhi\Red_Sindhi_104.jpg
Red_Sindhi,Sahiwal,0.39685386,test\Red_Sindhi\Red_Sindhi_105.jpg
Red_Sindhi,Sahiwal,0.40911835,test\Red_Sindhi\Red_Sindhi_106.jpg
Red_Sindhi,Sahiwal,0.458819,test\Red_Sindhi\Red_Sindhi_110.png
Red_Sindhi,Mehsana,0.29302475,test\Red_Sindhi\Red_Sindhi_111.jpg
Red_Sindhi,Sahiwal,0.31432733,test\Red_Sindhi\Red_Sindhi_115.jpg
Red_Sindhi,Sahiwal,0.3726,test\Red_Sindhi\Red_Sindhi_118.png
Red_Sindhi,Gir,0.8439044,test\Red_Sindhi\Red_Sindhi_120.png
Red_Sindhi,Gir,0.64343137,test\Red_Sindhi\Red_Sindhi_124.png
Red_Sindhi,Gir,0.5129301,test\Red_Sindhi\Red_Sindhi_125.png
Red_Sindhi,Sahiwal,0.32841396,test\Red_Sindhi\Red_Sindhi_129.jpg
Red_Sindhi,Sahiwal,0.6827962,test\Red_Sindhi\Red_Sindhi_135.png
Red_Sindhi,Sahiwal,0.5050996,test\Red_Sindhi\Red_Sindhi_137.jpg
Red_Sindhi,Sahiwal,0.4699678,test\Red_Sindhi\Red_Sindhi_141.png
Red_Sindhi,Sahiwal,0.43855006,test\Red_Sindhi\Red_Sindhi_143.jpg
Red_Sindhi,Sahiwal,0.4793017,test\Red_Sindhi\Red_Sindhi_145.jpg
Red_Sindhi,Gir,0.39009777,test\Red_Sindhi\Red_Sindhi_148.png
Red_Sindhi,Sahiwal,0.62064195,test\Red_Sindhi\Red_Sindhi_149.png
Red_Sindhi,Sahiwal,0.42426327,test\Red_Sindhi\Red_Sindhi_15.png
Red_Sindhi,Gir,0.46061358,test\Red_Sindhi\Red_Sindhi_150.png
Red_Sindhi,Sahiwal,0.52800125,test\Red_Sindhi\Red_Sindhi_161.png
Red_Sindhi,Sahiwal,0.5546663,test\Red_Sindhi\Red_Sindhi_167.png
Red_Sindhi,Sahiwal,0.45110607,test\Red_Sindhi\Red_Sindhi_2.JPG
Red_Sindhi,Sahiwal,0.5867885,test\Red_Sindhi\Red_Sindhi_20.jpg
Red_Sindhi,Sahiwal,0.515671,test\Red_Sindhi\Red_Sindhi_21.jpg
Red_Sindhi,Sahiwal,0.5034618,test\Red_Sindhi\Red_Sindhi_25.png
Red_Sindhi,Sahiwal,0.36889464,test\Red_Sindhi\Red_Sindhi_26.png
Red_Sindhi,Sahiwal,0.46505046,test\Red_Sindhi\Red_Sindhi_32.jpg
Red_Sindhi,Sahiwal,0.5132614,test\Red_Sindhi\Red_Sindhi_35.jpg
Red_Sindhi,Sahiwal,0.5107715,test\Red_Sindhi\Red_Sindhi_41.jpg
Red_Sindhi,Sahiwal,0.4524692,test\Red_Sindhi\Red_Sindhi_43.jpg
Red_Sindhi,Mehsana,0.33358392,test\Red_Sindhi\Red_Sindhi_50.jpg
Red_Sindhi,Gir,0.5166876,test\Red_Sindhi\Red_Sindhi_51.jpg
Red_Sindhi,Sahiwal,0.39528915,test\Red_Sindhi\Red_Sindhi_55.jpg
Red_Sindhi,Gir,0.3723285,test\Red_Sindhi\Red_Sindhi_58.jpg
Red_Sindhi,Sahiwal,0.6502809,test\Red_Sindhi\Red_Sindhi_63.jpg
Red_Sindhi,Sahiwal,0.5536767,test\Red_Sindhi\Red_Sindhi_66.jpg
Red_Sindhi,Sahiwal,0.4588854,test\Red_Sindhi\Red_Sindhi_68.jpg
Red_Sindhi,Sahiwal,0.3446992,test\Red_Sindhi\Red_Sindhi_70.jpg
Red_Sindhi,Mehsana,0.22183244,test\Red_Sindhi\Red_Sindhi_73.jpg
Red_Sindhi,Sahiwal,0.3333998,test\Red_Sindhi\Red_Sindhi_74.jpg
Red_Sindhi,Gir,0.40811107,test\Red_Sindhi\Red_Sindhi_77.jpg
Red_Sindhi,Sahiwal,0.37687147,test\Red_Sindhi\Red_Sindhi_80.jpg
Red_Sindhi,Gir,0.42783806,test\Red_Sindhi\Red_Sindhi_81.jpg
Red_Sindhi,Sahiwal,0.4756664,test\Red_Sindhi\Red_Sindhi_84.jpg
Red_Sindhi,Sahiwal,0.45946416,test\Red_Sindhi\Red_Sindhi_86.jpg
Red_Sindhi,Sahiwal,0.50036776,test\Red_Sindhi\Red_Sindhi_89.jpg
Red_Sindhi,Sahiwal,0.46029806,test\Red_Sindhi\Red_Sindhi_93.jpg
Red_Sindhi,Gir,0.63416386,test\Red_Sindhi\Red_Sindhi_94.jpg
Red_Sindhi,Sahiwal,0.49859503,test\Red_Sindhi\Red_Sindhi_95.jpg
Red_Sindhi,Mehsana,0.48872456,test\Red_Sindhi\Red_Sindhi_97.jpg
Red_Sindhi,Sahiwal,0.30546495,test\Red_Sindhi\Red_Sindhi_98.jpg
Sahiwal,Red_Sindhi,0.56943256,test\Sahiwal\Sahiwal_1.JPG
Sahiwal,Jaffrabadi,0.27221578,test\Sahiwal\Sahiwal_102.jpg
Sahiwal,Red_Sindhi,0.4050191,test\Sahiwal\Sahiwal_107.jpg
Sahiwal,Red_Sindhi,0.46114036,test\Sahiwal\Sahiwal_108.jpg
Sahiwal,Red_Sindhi,0.5624079,test\Sahiwal\Sahiwal_112.png
Sahiwal,Red_Sindhi,0.4874068,test\Sahiwal\Sahiwal_113.jpeg
Sahiwal,Gir,0.4434428,test\Sahiwal\Sahiwal_120.jpg
Sahiwal,Red_Sindhi,0.50135905,test\Sahiwal\Sahiwal_123.jpg
Sahiwal,Red_Sindhi,0.40536073,test\Sahiwal\Sahiwal_124.jpg
Sahiwal,Red_Sindhi,0.48633987,test\Sahiwal\Sahiwal_126.jpg
Sahiwal,Red_Sindhi,0.48436546,test\Sahiwal\Sahiwal_127.jpg
Sahiwal,Red_Sindhi,0.67959106,test\Sahiwal\Sahiwal_129.jpg
Sahiwal,Red_Sindhi,0.46780312,test\Sahiwal\Sahiwal_132.jpg
Sahiwal,Red_Sindhi,0.3181702,test\Sahiwal\Sahiwal_133.jpg
Sahiwal,Red_Sindhi,0.5039302,test\Sahiwal\Sahiwal_136.jpg
Sahiwal,Red_Sindhi,0.46283087,test\Sahiwal\Sahiwal_137.jpg
Sahiwal,Red_Sindhi,0.5150831,test\Sahiwal\Sahiwal_14.jpg
Sahiwal,Red_Sindhi,0.6341118,test\Sahiwal\Sahiwal_140.jpg
Sahiwal,Gir,0.381811,test\Sahiwal\Sahiwal_141.jpeg
Sahiwal,Red_Sindhi,0.38327983,test\Sahiwal\Sahiwal_142.jpg
Sahiwal,Mehsana,0.39655143,test\Sahiwal\Sahiwal_143.png
Sahiwal,Red_Sindhi,0.47638476,test\Sahiwal\Sahiwal_148.jpg
Sahiwal,Gir,0.381811,test\Sahiwal\Sahiwal_153.jpeg
Sahiwal,Red_Sindhi,0.3955497,test\Sahiwal\Sahiwal_154.jpg
Sahiwal,Gir,0.5826916,test\Sahiwal\Sahiwal_155.jpg
Sahiwal,Red_Sindhi,0.5312303,test\Sahiwal\Sahiwal_157.jpg
Sahiwal,Gir,0.58579737,test\Sahiwal\Sahiwal_160.jpg
Sahiwal,Red_Sindhi,0.5266531,test\Sahiwal\Sahiwal_161.png
Sahiwal,Gir,0.45507625,test\Sahiwal\Sahiwal_164.jpg
Sahiwal,Red_Sindhi,0.45080885,test\Sahiwal\Sahiwal_165.jpg
Sahiwal,Gir,0.48201364,test\Sahiwal\Sahiwal_166.png
Sahiwal,Red_Sindhi,0.33044916,test\Sahiwal\Sahiwal_173.jpg
Sahiwal,Red_Sindhi,0.43741933,test\Sahiwal\Sahiwal_176.jpg
Sahiwal,Gir,0.25845653,test\Sahiwal\Sahiwal_178.png
Sahiwal,Red_Sindhi,0.42865804,test\Sahiwal\Sahiwal_180.png
Sahiwal,Red_Sindhi,0.43375328,test\Sahiwal\Sahiwal_181.jpg
Sahiwal,Red_Sindhi,0.46524116,test\Sahiwal\Sahiwal_185.jpg
Sahiwal,Red_Sindhi,0.34362823,test\Sahiwal\Sahiwal_187.jpg
Sahiwal,Red_Sindhi,0.45121124,test\Sahiwal\Sahiwal_188.jpg
Sahiwal,Red_Sindhi,0.37973818,test\Sahiwal\Sahiwal_191.jpg
Sahiwal,Gir,0.46766034,test\Sahiwal\Sahiwal_199.jpg
Sahiwal,Red_Sindhi,0.39462668,test\Sahiwal\Sahiwal_205.jpg
Sahiwal,Red_Sindhi,0.7572256,test\Sahiwal\Sahiwal_207.jpg
Sahiwal,Gir,0.3391459,test\Sahiwal\Sahiwal_208.jpeg
Sahiwal,Red_Sindhi,0.3907995,test\Sahiwal\Sahiwal_214.jpg
Sahiwal,Gir,0.5046094,test\Sahiwal\Sahiwal_216.jpg
Sahiwal,Red_Sindhi,0.4232022,test\Sahiwal\Sahiwal_224.jpg
Sahiwal,Red_Sindhi,0.42658573,test\Sahiwal\Sahiwal_229.jpg
Sahiwal,Red_Sindhi,0.3883873,test\Sahiwal\Sahiwal_23.jpg
Sahiwal,Red_Sindhi,0.44338349,test\Sahiwal\Sahiwal_232.jpg
Sahiwal,Red_Sindhi,0.46110913,test\Sahiwal\Sahiwal_233.jpg
Sahiwal,Murrah,0.22530892,test\Sahiwal\Sahiwal_235.png
Sahiwal,Red_Sindhi,0.42830524,test\Sahiwal\Sahiwal_236.jpg
Sahiwal,Red_Sindhi,0.5599933,test\Sahiwal\Sahiwal_237.jpg
Sahiwal,Jaffrabadi,0.28835142,test\Sahiwal\Sahiwal_238.jpg
Sahiwal,Red_Sindhi,0.47737074,test\Sahiwal\Sahiwal_239.jpg
Sahiwal,Red_Sindhi,0.4812362,test\Sahiwal\Sahiwal_243.jpg
Sahiwal,Red_Sindhi,0.44924808,test\Sahiwal\Sahiwal_244.jpg
Sahiwal,Red_Sindhi,0.41629496,test\Sahiwal\Sahiwal_250.jpg
Sahiwal,Red_Sindhi,0.5476271,test\Sahiwal\Sahiwal_253.jpg
Sahiwal,Gir,0.42648622,test\Sahiwal\Sahiwal_255.jpg
Sahiwal,Red_Sindhi,0.6377857,test\Sahiwal\Sahiwal_258.jpg
Sahiwal,Gir,0.46988502,test\Sahiwal\Sahiwal_260.png
Sahiwal,Red_Sindhi,0.36356077,test\Sahiwal\Sahiwal_261.jpg
Sahiwal,Red_Sindhi,0.45160258,test\Sahiwal\Sahiwal_266.jpg
Sahiwal,Murrah,0.28755355,test\Sahiwal\Sahiwal_275.jpg
Sahiwal,Red_Sindhi,0.5269729,test\Sahiwal\Sahiwal_277.jpg
Sahiwal,Red_Sindhi,0.3188953,test\Sahiwal\Sahiwal_278.jpg
Sahiwal,Red_Sindhi,0.44830242,test\Sahiwal\Sahiwal_281.jpg
Sahiwal,Murrah,0.29606572,test\Sahiwal\Sahiwal_282.png
Sahiwal,Red_Sindhi,0.6299108,test\Sahiwal\Sahiwal_283.jpg
Sahiwal,Red_Sindhi,0.38457385,test\Sahiwal\Sahiwal_286.jpg
Sahiwal,Gir,0.38659334,test\Sahiwal\Sahiwal_288.jpg
Sahiwal,Red_Sindhi,0.6209395,test\Sahiwal\Sahiwal_290.jpg
Sahiwal,Red_Sindhi,0.35713175,test\Sahiwal\Sahiwal_296.jpg
Sahiwal,Gir,0.37512296,test\Sahiwal\Sahiwal_30.jpg
Sahiwal,Red_Sindhi,0.5392758,test\Sahiwal\Sahiwal_302.jpg
Sahiwal,Red_Sindhi,0.49333048,test\Sahiwal\Sahiwal_303.jpg
Sahiwal,Red_Sindhi,0.5128572,test\Sahiwal\Sahiwal_304.jpg
Sahiwal,Red_Sindhi,0.39823884,test\Sahiwal\Sahiwal_305.jpg
Sahiwal,Red_Sindhi,0.41292623,test\Sahiwal\Sahiwal_307.jpg
Sahiwal,Red_Sindhi,0.8065619,test\Sahiwal\Sahiwal_308.jpg
Sahiwal,Red_Sindhi,0.50996375,test\Sahiwal\Sahiwal_309.jpg
Sahiwal,Red_Sindhi,0.48803493,test\Sahiwal\Sahiwal_310.jpg
Sahiwal,Red_Sindhi,0.43381047,test\Sahiwal\Sahiwal_311.jpg
Sahiwal,Red_Sindhi,0.5297682,test\Sahiwal\Sahiwal_313.jpg
Sahiwal,Red_Sindhi,0.5419383,test\Sahiwal\Sahiwal_314.jpg
Sahiwal,Red_Sindhi,0.3967364,test\Sahiwal\Sahiwal_316.jpg
Sahiwal,Red_Sindhi,0.6498272,test\Sahiwal\Sahiwal_317.jpg
Sahiwal,Red_Sindhi,0.35997906,test\Sahiwal\Sahiwal_318.jpg
Sahiwal,Red_Sindhi,0.43070266,test\Sahiwal\Sahiwal_320.jpg
Sahiwal,Red_Sindhi,0.48864216,test\Sahiwal\Sahiwal_321.jpg
Sahiwal,Red_Sindhi,0.37556937,test\Sahiwal\Sahiwal_322.jpg
Sahiwal,Red_Sindhi,0.5294584,test\Sahiwal\Sahiwal_323.jpg
Sahiwal,Red_Sindhi,0.42099693,test\Sahiwal\Sahiwal_324.jpg
Sahiwal,Gir,0.50120133,test\Sahiwal\Sahiwal_327.jpg
Sahiwal,Red_Sindhi,0.3883478,test\Sahiwal\Sahiwal_328.jpg
Sahiwal,Red_Sindhi,0.47859564,test\Sahiwal\Sahiwal_33.jpg
Sahiwal,Red_Sindhi,0.39605805,test\Sahiwal\Sahiwal_333.jpg
Sahiwal,Red_Sindhi,0.42181775,test\Sahiwal\Sahiwal_342.jpg
Sahiwal,Red_Sindhi,0.52607465,test\Sahiwal\Sahiwal_349.jpg
Sahiwal,Red_Sindhi,0.56528133,test\Sahiwal\Sahiwal_350.jpg
Sahiwal,Red_Sindhi,0.37968376,test\Sahiwal\Sahiwal_355.jpg
Sahiwal,Gir,0.44695505,test\Sahiwal\Sahiwal_356.png
Sahiwal,Red_Sindhi,0.26672965,test\Sahiwal\Sahiwal_36.jpg
Sahiwal,Gir,0.3690737,test\Sahiwal\Sahiwal_366.jpg
Sahiwal,Red_Sindhi,0.40890023,test\Sahiwal\Sahiwal_369.jpg
Sahiwal,Red_Sindhi,0.32690516,test\Sahiwal\Sahiwal_379.png
Sahiwal,Red_Sindhi,0.61295736,test\Sahiwal\Sahiwal_380.jpg
Sahiwal,Red_Sindhi,0.2805323,test\Sahiwal\Sahiwal_381.png
Sahiwal,Gir,0.67505217,test\Sahiwal\Sahiwal_382.png
Sahiwal,Red_Sindhi,0.45167682,test\Sahiwal\Sahiwal_383.png
Sahiwal,Red_Sindhi,0.3498807,test\Sahiwal\Sahiwal_386.png
Sahiwal,Gir,0.5454229,test\Sahiwal\Sahiwal_389.png
Sahiwal,Gir,0.42555904,test\Sahiwal\Sahiwal_391.jpg
Sahiwal,Red_Sindhi,0.42715028,test\Sahiwal\Sahiwal_392.jpg
Sahiwal,Red_Sindhi,0.3937087,test\Sahiwal\Sahiwal_394.jpg
Sahiwal,Red_Sindhi,0.37053546,test\Sahiwal\Sahiwal_410.jpeg
Sahiwal,Red_Sindhi,0.5646755,test\Sahiwal\Sahiwal_414.jpg
Sahiwal,Gir,0.45247692,test\Sahiwal\Sahiwal_419.jpg
Sahiwal,Red_Sindhi,0.37714484,test\Sahiwal\Sahiwal_433.jpeg
Sahiwal,Gir,0.3764837,test\Sahiwal\Sahiwal_434.jpg
Sahiwal,Red_Sindhi,0.4210868,test\Sahiwal\Sahiwal_436.png
Sahiwal,Mehsana,0.35983905,test\Sahiwal\Sahiwal_437.jpg
Sahiwal,Gir,0.406211,test\Sahiwal\Sahiwal_442.jpg
Sahiwal,Red_Sindhi,0.557413,test\Sahiwal\Sahiwal_445.jpg
Sahiwal,Red_Sindhi,0.44282845,test\Sahiwal\Sahiwal_446.jpg
Sahiwal,Red_Sindhi,0.7323752,test\Sahiwal\Sahiwal_45.jpg
Sahiwal,Red_Sindhi,0.47767505,test\Sahiwal\Sahiwal_5.JPG
Sahiwal,Gir,0.6634635,test\Sahiwal\Sahiwal_51.jpg
Sahiwal,Red_Sindhi,0.43278858,test\Sahiwal\Sahiwal_54.jpg
Sahiwal,Red_Sindhi,0.4538297,test\Sahiwal\Sahiwal_57.jpg
Sahiwal,Red_Sindhi,0.6259301,test\Sahiwal\Sahiwal_59.jpg
Sahiwal,Red_Sindhi,0.46365368,test\Sahiwal\Sahiwal_6.JPG
Sahiwal,Gir,0.40633452,test\Sahiwal\Sahiwal_61.jpg
Sahiwal,Red_Sindhi,0.5459441,test\Sahiwal\Sahiwal_64.jpg
Sahiwal,Mehsana,0.45064443,test\Sahiwal\Sahiwal_66.jpg
Sahiwal,Red_Sindhi,0.69224334,test\Sahiwal\Sahiwal_76.jpg
Sahiwal,Red_Sindhi,0.4587126,test\Sahiwal\Sahiwal_80.jpg
Sahiwal,Red_Sindhi,0.5576292,test\Sahiwal\Sahiwal_81.jpg
Sahiwal,Mehsana,0.2669649,test\Sahiwal\Sahiwal_82.jpg
Sahiwal,Red_Sindhi,0.43748003,test\Sahiwal\Sahiwal_83.jpg
Sahiwal,Red_Sindhi,0.42543077,test\Sahiwal\Sahiwal_86.jpg
Sahiwal,Red_Sindhi,0.55439234,test\Sahiwal\Sahiwal_90.jpg
Sahiwal,Red_Sindhi,0.30511796,test\Sahiwal\Sahiwal_92.jpg
Sahiwal,Gir,0.63089705,test\Sahiwal\Sahiwal_93.jpg
